[0m10:29:15.267527 [debug] [MainThread]: Sending event: {'category': 'dbt', 'action': 'invocation', 'label': 'start', 'context': [<snowplow_tracker.self_describing_json.SelfDescribingJson object at 0x000001F6833B67B0>, <snowplow_tracker.self_describing_json.SelfDescribingJson object at 0x000001F68397C260>, <snowplow_tracker.self_describing_json.SelfDescribingJson object at 0x000001F68397D3A0>]}


============================== 10:29:15.399551 | 1ac1c98f-7d09-48ac-9ff5-b205de9d9865 ==============================
[0m10:29:15.399551 [info ] [MainThread]: Running with dbt=1.12.3
[0m10:29:15.400590 [debug] [MainThread]: running dbt with arguments {'maximum_seed_size_mib': '1', 'no_print': 'None', 'static_parser': 'True', 'target_path': 'None', 'warn_error_options': 'WarnErrorOptionsV2(error=[], warn=[], silence=[])', 'version_check': 'True', 'printer_width': '80', 'write_json': 'True', 'empty': 'None', 'log_cache_events': 'False', 'introspect': 'True', 'cache_selected_only': 'False', 'fail_fast': 'False', 'debug': 'False', 'log_format': 'default', 'profiles_dir': 'C:\\analytics_platform\\astro\\dbt', 'send_anonymous_usage_stats': 'True', 'quiet': 'False', 'warn_error': 'None', 'partial_parse': 'True', 'indirect_selection': 'eager', 'hints_enabled': 'True', 'use_colors': 'True', 'use_experimental_parser': 'False', 'invocation_command': 'dbt debug', 'log_path': 'C:\\analytics_platform\\astro\\dbt\\logs'}
[0m10:29:15.767686 [info ] [MainThread]: dbt version: 1.12.3
[0m10:29:15.767686 [info ] [MainThread]: python version: 3.12.10
[0m10:29:15.768693 [info ] [MainThread]: python path: C:\analytics_platform\.venv\Scripts\python.exe
[0m10:29:15.769197 [info ] [MainThread]: os info: Windows-11-10.0.26200-SP0
[0m10:29:16.035044 [info ] [MainThread]: Using profiles dir at C:\analytics_platform\astro\dbt
[0m10:29:16.036062 [info ] [MainThread]: Using profiles.yml file at C:\analytics_platform\astro\dbt\profiles.yml
[0m10:29:16.037045 [info ] [MainThread]: Using dbt_project.yml file at C:\analytics_platform\astro\dbt\dbt_project.yml
[0m10:29:16.044086 [info ] [MainThread]: adapter type: postgres
[0m10:29:16.045085 [info ] [MainThread]: adapter version: 1.11.0
[0m10:29:16.222108 [info ] [MainThread]: Configuration:
[0m10:29:16.222108 [info ] [MainThread]:   profiles.yml file [[32mOK found and valid[0m]
[0m10:29:16.223091 [info ] [MainThread]:   dbt_project.yml file [[32mOK found and valid[0m]
[0m10:29:16.223091 [info ] [MainThread]: Required dependencies:
[0m10:29:16.224099 [debug] [MainThread]: Executing "git --help"
[0m10:29:16.297383 [debug] [MainThread]: STDOUT: "b"usage: git [-v | --version] [-h | --help] [-C <path>] [-c <name>=<value>]\n           [--exec-path[=<path>]] [--html-path] [--man-path] [--info-path]\n           [-p | --paginate | -P | --no-pager] [--no-replace-objects] [--no-lazy-fetch]\n           [--no-optional-locks] [--no-advice] [--bare] [--git-dir=<path>]\n           [--work-tree=<path>] [--namespace=<name>] [--config-env=<name>=<envvar>]\n           <command> [<args>]\n\nThese are common Git commands used in various situations:\n\nstart a working area (see also: git help tutorial)\n   clone      Clone a repository into a new directory\n   init       Create an empty Git repository or reinitialize an existing one\n\nwork on the current change (see also: git help everyday)\n   add        Add file contents to the index\n   mv         Move or rename a file, a directory, or a symlink\n   restore    Restore working tree files\n   rm         Remove files from the working tree and from the index\n\nexamine the history and state (see also: git help revisions)\n   bisect     Use binary search to find the commit that introduced a bug\n   diff       Show changes between commits, commit and working tree, etc\n   grep       Print lines matching a pattern\n   log        Show commit logs\n   show       Show various types of objects\n   status     Show the working tree status\n\ngrow, mark and tweak your common history\n   backfill   Download missing objects in a partial clone\n   branch     List, create, or delete branches\n   commit     Record changes to the repository\n   history    EXPERIMENTAL: Rewrite history\n   merge      Join two or more development histories together\n   rebase     Reapply commits on top of another base tip\n   reset      Set `HEAD` or the index to a known state\n   switch     Switch branches\n   tag        Create, list, delete or verify tags\n\ncollaborate (see also: git help workflows)\n   fetch      Download objects and refs from another repository\n   pull       Fetch from and integrate with another repository or a local branch\n   push       Update remote refs along with associated objects\n\n'git help -a' and 'git help -g' list available subcommands and some\nconcept guides. See 'git help <command>' or 'git help <concept>'\nto read about a specific subcommand or concept.\nSee 'git help git' for an overview of the system.\n""
[0m10:29:16.299455 [debug] [MainThread]: STDERR: "b''"
[0m10:29:16.300467 [info ] [MainThread]:  - git [[32mOK found[0m]

[0m10:29:16.301474 [info ] [MainThread]: Connection:
[0m10:29:16.303477 [info ] [MainThread]:   host: host.docker.internal
[0m10:29:16.303477 [info ] [MainThread]:   port: 5433
[0m10:29:16.304477 [info ] [MainThread]:   user: olist_user
[0m10:29:16.305475 [info ] [MainThread]:   database: olist_db
[0m10:29:16.305475 [info ] [MainThread]:   schema: dwh
[0m10:29:16.306475 [info ] [MainThread]:   connect_timeout: 10
[0m10:29:16.307485 [info ] [MainThread]:   role: None
[0m10:29:16.307485 [info ] [MainThread]:   search_path: None
[0m10:29:16.308994 [info ] [MainThread]:   keepalives_idle: 0
[0m10:29:16.309511 [info ] [MainThread]:   sslmode: None
[0m10:29:16.309511 [info ] [MainThread]:   sslcert: None
[0m10:29:16.310518 [info ] [MainThread]:   sslkey: None
[0m10:29:16.311105 [info ] [MainThread]:   sslrootcert: None
[0m10:29:16.311105 [info ] [MainThread]:   application_name: dbt
[0m10:29:16.312125 [info ] [MainThread]:   autocommit: False
[0m10:29:16.313136 [info ] [MainThread]:   retries: 1
[0m10:29:16.314119 [info ] [MainThread]: Registered adapter: postgres=1.11.0
[0m10:29:16.549681 [debug] [MainThread]: Acquiring new postgres connection 'debug'
[0m10:29:18.911953 [debug] [MainThread]: Using postgres connection "debug"
[0m10:29:18.912951 [debug] [MainThread]: On debug: select 1 as id
[0m10:29:18.912951 [debug] [MainThread]: Opening a new connection, currently in state init
[0m10:29:18.951947 [debug] [MainThread]: SQL status: SELECT 1 in 0.038 seconds
[0m10:29:18.953013 [debug] [MainThread]: On debug: Close
[0m10:29:18.953013 [info ] [MainThread]:   Connection test: [[32mOK connection ok[0m]

[0m10:29:18.954065 [info ] [MainThread]: [32mAll checks passed![0m
[0m10:29:18.954594 [debug] [MainThread]: Command `dbt debug` succeeded at 10:29:18.954594 after 3.87 seconds
[0m10:29:18.955121 [debug] [MainThread]: Connection 'debug' was properly closed.
[0m10:29:18.955644 [debug] [MainThread]: Sending event: {'category': 'dbt', 'action': 'invocation', 'label': 'end', 'context': [<snowplow_tracker.self_describing_json.SelfDescribingJson object at 0x000001F685001B50>, <snowplow_tracker.self_describing_json.SelfDescribingJson object at 0x000001F685AD3EC0>, <snowplow_tracker.self_describing_json.SelfDescribingJson object at 0x000001F68391CDA0>]}
[0m10:29:18.956176 [debug] [MainThread]: Flushing usage events
[0m10:29:19.700689 [debug] [MainThread]: An error was encountered while trying to flush usage events
[0m10:30:31.546971 [debug] [MainThread]: Sending event: {'category': 'dbt', 'action': 'invocation', 'label': 'start', 'context': [<snowplow_tracker.self_describing_json.SelfDescribingJson object at 0x0000029221E4D730>, <snowplow_tracker.self_describing_json.SelfDescribingJson object at 0x00000292223EF080>, <snowplow_tracker.self_describing_json.SelfDescribingJson object at 0x00000292223ED820>]}


============================== 10:30:31.551125 | bc200b4b-b22a-41bb-8fb5-20e71e98c87a ==============================
[0m10:30:31.551125 [info ] [MainThread]: Running with dbt=1.12.3
[0m10:30:31.552145 [debug] [MainThread]: running dbt with arguments {'version_check': 'True', 'no_print': 'None', 'static_parser': 'True', 'warn_error_options': 'WarnErrorOptionsV2(error=[], warn=[], silence=[])', 'target_path': 'None', 'maximum_seed_size_mib': '1', 'printer_width': '80', 'write_json': 'True', 'empty': 'False', 'log_cache_events': 'False', 'introspect': 'True', 'cache_selected_only': 'False', 'log_format': 'default', 'debug': 'False', 'fail_fast': 'False', 'partial_parse': 'True', 'send_anonymous_usage_stats': 'True', 'quiet': 'False', 'warn_error': 'None', 'profiles_dir': 'C:\\analytics_platform\\astro\\dbt', 'use_colors': 'True', 'hints_enabled': 'True', 'indirect_selection': 'eager', 'use_experimental_parser': 'False', 'invocation_command': 'dbt build -s stg -t dev', 'log_path': 'C:\\analytics_platform\\astro\\dbt\\logs'}
[0m10:30:31.897004 [debug] [MainThread]: Sending event: {'category': 'dbt', 'action': 'project_id', 'label': 'bc200b4b-b22a-41bb-8fb5-20e71e98c87a', 'context': [<snowplow_tracker.self_describing_json.SelfDescribingJson object at 0x00000292219F0620>]}
[0m10:30:31.979719 [debug] [MainThread]: Sending event: {'category': 'dbt', 'action': 'adapter_info', 'label': 'bc200b4b-b22a-41bb-8fb5-20e71e98c87a', 'context': [<snowplow_tracker.self_describing_json.SelfDescribingJson object at 0x0000029223DBBE00>]}
[0m10:30:31.981496 [info ] [MainThread]: Registered adapter: postgres=1.11.0
[0m10:30:32.174501 [debug] [MainThread]: checksum: d60959d112beb8b2f36fb64f349f29ec37a8a8d5f0e40e1fe22d043f48b78f52, vars: {}, profile: default, target: dev, version: 1.12.3
[0m10:30:32.175484 [info ] [MainThread]: Unable to do partial parsing because saved manifest not found. Starting full parse.
[0m10:30:32.176406 [debug] [MainThread]: Sending event: {'category': 'dbt', 'action': 'partial_parser', 'label': 'bc200b4b-b22a-41bb-8fb5-20e71e98c87a', 'context': [<snowplow_tracker.self_describing_json.SelfDescribingJson object at 0x0000029223F07F50>]}
[0m10:30:34.463671 [warn ] [MainThread]: [[33mWARNING[0m]: Did not find matching node for patch with name 'fct_order_review' in the 'models' section of file 'models\marts\fct\_schema.yml'
[0m10:30:34.465674 [warn ] [MainThread]: [[33mWARNING[0m]: Did not find matching node for patch with name 'fct_orders_items' in the 'models' section of file 'models\marts\fct\_schema.yml'
[0m10:30:34.486632 [warn ] [MainThread]: [[33mWARNING[0m]: Did not find matching node for patch with name 'stg__order_reviews' in the 'models' section of file 'models\stg\_schema.yml'
[0m10:30:34.488626 [warn ] [MainThread]: [[33mWARNING[0m]: Did not find matching node for patch with name 'stg__orders' in the 'models' section of file 'models\stg\_schema.yml'
[0m10:30:34.490308 [warn ] [MainThread]: [[33mWARNING[0m]: Did not find matching node for patch with name 'stg__products' in the 'models' section of file 'models\stg\_schema.yml'
[0m10:30:34.493225 [warn ] [MainThread]: [[33mWARNING[0m]: Did not find matching node for patch with name 'stg__sellers' in the 'models' section of file 'models\stg\_schema.yml'
[0m10:30:34.711496 [error] [MainThread]: [[31mERROR[0m]: Encountered an error:
Compilation Error
  Model 'model.olist_analytics.int__orders_enriched' (models\int\int__orders_enriched.sql) depends on a node named 'stg__orders' which was not found
[0m10:30:34.713487 [debug] [MainThread]: Command `dbt build` failed at 10:30:34.713487 after 3.34 seconds
[0m10:30:34.713487 [debug] [MainThread]: Sending event: {'category': 'dbt', 'action': 'invocation', 'label': 'end', 'context': [<snowplow_tracker.self_describing_json.SelfDescribingJson object at 0x0000029223B24F20>, <snowplow_tracker.self_describing_json.SelfDescribingJson object at 0x00000292244059D0>, <snowplow_tracker.self_describing_json.SelfDescribingJson object at 0x0000029225832960>]}
[0m10:30:34.714712 [debug] [MainThread]: Flushing usage events
[0m10:30:35.558628 [debug] [MainThread]: An error was encountered while trying to flush usage events
[0m10:31:52.497646 [debug] [MainThread]: Sending event: {'category': 'dbt', 'action': 'invocation', 'label': 'start', 'context': [<snowplow_tracker.self_describing_json.SelfDescribingJson object at 0x000001CA7A373C80>, <snowplow_tracker.self_describing_json.SelfDescribingJson object at 0x000001CA7D799700>, <snowplow_tracker.self_describing_json.SelfDescribingJson object at 0x000001CA7D26E7E0>]}


============================== 10:31:52.501706 | 0dbd9cb1-6f2b-4889-943c-7cfeb2788a2d ==============================
[0m10:31:52.501706 [info ] [MainThread]: Running with dbt=1.12.3
[0m10:31:52.501706 [debug] [MainThread]: running dbt with arguments {'maximum_seed_size_mib': '1', 'no_print': 'None', 'static_parser': 'True', 'target_path': 'None', 'version_check': 'True', 'warn_error_options': 'WarnErrorOptionsV2(error=[], warn=[], silence=[])', 'printer_width': '80', 'write_json': 'True', 'introspect': 'True', 'log_cache_events': 'False', 'empty': 'False', 'cache_selected_only': 'False', 'log_format': 'default', 'debug': 'False', 'fail_fast': 'False', 'partial_parse': 'True', 'send_anonymous_usage_stats': 'True', 'quiet': 'False', 'warn_error': 'None', 'profiles_dir': 'C:\\analytics_platform\\astro\\dbt', 'invocation_command': 'dbt build -s stg -t dev', 'hints_enabled': 'True', 'indirect_selection': 'eager', 'use_experimental_parser': 'False', 'use_colors': 'True', 'log_path': 'C:\\analytics_platform\\astro\\dbt\\logs'}
[0m10:31:52.770016 [debug] [MainThread]: Sending event: {'category': 'dbt', 'action': 'project_id', 'label': '0dbd9cb1-6f2b-4889-943c-7cfeb2788a2d', 'context': [<snowplow_tracker.self_describing_json.SelfDescribingJson object at 0x000001CA7F168590>]}
[0m10:31:52.850902 [debug] [MainThread]: Sending event: {'category': 'dbt', 'action': 'adapter_info', 'label': '0dbd9cb1-6f2b-4889-943c-7cfeb2788a2d', 'context': [<snowplow_tracker.self_describing_json.SelfDescribingJson object at 0x000001CA7F1F7200>]}
[0m10:31:52.852816 [info ] [MainThread]: Registered adapter: postgres=1.11.0
[0m10:31:53.098496 [debug] [MainThread]: checksum: d60959d112beb8b2f36fb64f349f29ec37a8a8d5f0e40e1fe22d043f48b78f52, vars: {}, profile: default, target: dev, version: 1.12.3
[0m10:31:53.099506 [info ] [MainThread]: Unable to do partial parsing because saved manifest not found. Starting full parse.
[0m10:31:53.100504 [debug] [MainThread]: Sending event: {'category': 'dbt', 'action': 'partial_parser', 'label': '0dbd9cb1-6f2b-4889-943c-7cfeb2788a2d', 'context': [<snowplow_tracker.self_describing_json.SelfDescribingJson object at 0x000001CA7F3AB980>]}
[0m10:31:54.625517 [warn ] [MainThread]: [[33mWARNING[0m]: Did not find matching node for patch with name 'fct_order_review' in the 'models' section of file 'models\marts\fct\_schema.yml'
[0m10:31:54.626728 [warn ] [MainThread]: [[33mWARNING[0m]: Did not find matching node for patch with name 'fct_orders_items' in the 'models' section of file 'models\marts\fct\_schema.yml'
[0m10:31:54.650795 [warn ] [MainThread]: [[33mWARNING[0m]: Did not find matching node for patch with name 'stg__order_reviews' in the 'models' section of file 'models\stg\_schema.yml'
[0m10:31:54.866373 [error] [MainThread]: [[31mERROR[0m]: Encountered an error:
Compilation Error
  Model 'model.olist_analytics.fct_order_reviews' (models\marts\fct\fct_order_reviews.sql) depends on a node named 'stg__order_reviews' which was not found
[0m10:31:54.866966 [debug] [MainThread]: Command `dbt build` failed at 10:31:54.866966 after 2.55 seconds
[0m10:31:54.868061 [debug] [MainThread]: Sending event: {'category': 'dbt', 'action': 'invocation', 'label': 'end', 'context': [<snowplow_tracker.self_describing_json.SelfDescribingJson object at 0x000001CA7D6A3E30>, <snowplow_tracker.self_describing_json.SelfDescribingJson object at 0x000001CA7F8683B0>, <snowplow_tracker.self_describing_json.SelfDescribingJson object at 0x000001CA7F4F59A0>]}
[0m10:31:54.868061 [debug] [MainThread]: Flushing usage events
[0m10:31:55.537924 [debug] [MainThread]: An error was encountered while trying to flush usage events
[0m10:32:46.933758 [debug] [MainThread]: Sending event: {'category': 'dbt', 'action': 'invocation', 'label': 'start', 'context': [<snowplow_tracker.self_describing_json.SelfDescribingJson object at 0x000001F9C86560F0>, <snowplow_tracker.self_describing_json.SelfDescribingJson object at 0x000001F9C7CD3080>, <snowplow_tracker.self_describing_json.SelfDescribingJson object at 0x000001F9C7CD0C80>]}


============================== 10:32:46.941462 | 0313ee30-cd13-4558-93e3-cea08d549d8d ==============================
[0m10:32:46.941462 [info ] [MainThread]: Running with dbt=1.12.3
[0m10:32:46.942464 [debug] [MainThread]: running dbt with arguments {'static_parser': 'True', 'no_print': 'None', 'version_check': 'True', 'warn_error_options': 'WarnErrorOptionsV2(error=[], warn=[], silence=[])', 'target_path': 'None', 'maximum_seed_size_mib': '1', 'printer_width': '80', 'write_json': 'True', 'empty': 'False', 'log_cache_events': 'False', 'introspect': 'True', 'cache_selected_only': 'False', 'log_format': 'default', 'debug': 'False', 'fail_fast': 'False', 'partial_parse': 'True', 'send_anonymous_usage_stats': 'True', 'quiet': 'False', 'warn_error': 'None', 'profiles_dir': 'C:\\analytics_platform\\astro\\dbt', 'invocation_command': 'dbt build -s stg -t dev', 'hints_enabled': 'True', 'use_colors': 'True', 'use_experimental_parser': 'False', 'indirect_selection': 'eager', 'log_path': 'C:\\analytics_platform\\astro\\dbt\\logs'}
[0m10:32:47.221730 [debug] [MainThread]: Sending event: {'category': 'dbt', 'action': 'project_id', 'label': '0313ee30-cd13-4558-93e3-cea08d549d8d', 'context': [<snowplow_tracker.self_describing_json.SelfDescribingJson object at 0x000001F9C85ACA40>]}
[0m10:32:47.304271 [debug] [MainThread]: Sending event: {'category': 'dbt', 'action': 'adapter_info', 'label': '0313ee30-cd13-4558-93e3-cea08d549d8d', 'context': [<snowplow_tracker.self_describing_json.SelfDescribingJson object at 0x000001F9CA2D60F0>]}
[0m10:32:47.305776 [info ] [MainThread]: Registered adapter: postgres=1.11.0
[0m10:32:47.501302 [debug] [MainThread]: checksum: d60959d112beb8b2f36fb64f349f29ec37a8a8d5f0e40e1fe22d043f48b78f52, vars: {}, profile: default, target: dev, version: 1.12.3
[0m10:32:47.503282 [info ] [MainThread]: Unable to do partial parsing because saved manifest not found. Starting full parse.
[0m10:32:47.503282 [debug] [MainThread]: Sending event: {'category': 'dbt', 'action': 'partial_parser', 'label': '0313ee30-cd13-4558-93e3-cea08d549d8d', 'context': [<snowplow_tracker.self_describing_json.SelfDescribingJson object at 0x000001F9CA191AF0>]}
[0m10:32:48.901288 [warn ] [MainThread]: [[33mWARNING[0m]: Did not find matching node for patch with name 'fct_order_review' in the 'models' section of file 'models\marts\fct\_schema.yml'
[0m10:32:48.903299 [warn ] [MainThread]: [[33mWARNING[0m]: Did not find matching node for patch with name 'fct_orders_items' in the 'models' section of file 'models\marts\fct\_schema.yml'
[0m10:32:49.106584 [warn ] [MainThread]: [[33mWARNING[0m]: Test 'test.olist_analytics.not_null_fct_order_review_review_id.0cdc2f7262' (models\marts\fct\_schema.yml) depends on a node named 'fct_order_review' in package '' which was not found
[0m10:32:49.106584 [warn ] [MainThread]: [[33mWARNING[0m]: Test 'test.olist_analytics.unique_fct_order_review_review_id.19dbb9a5f8' (models\marts\fct\_schema.yml) depends on a node named 'fct_order_review' in package '' which was not found
[0m10:32:49.107680 [warn ] [MainThread]: [[33mWARNING[0m]: Test 'test.olist_analytics.not_null_fct_order_review_order_id.0df6c67db7' (models\marts\fct\_schema.yml) depends on a node named 'fct_order_review' in package '' which was not found
[0m10:32:49.107680 [warn ] [MainThread]: [[33mWARNING[0m]: Test 'test.olist_analytics.not_null_fct_orders_items_order_id.a413fb4602' (models\marts\fct\_schema.yml) depends on a node named 'fct_orders_items' in package '' which was not found
[0m10:32:49.108628 [warn ] [MainThread]: [[33mWARNING[0m]: Test 'test.olist_analytics.not_null_fct_orders_items_order_item.d95cebeb5b' (models\marts\fct\_schema.yml) depends on a node named 'fct_orders_items' in package '' which was not found
[0m10:32:49.212447 [debug] [MainThread]: Sending event: {'category': 'dbt', 'action': 'load_project', 'label': '0313ee30-cd13-4558-93e3-cea08d549d8d', 'context': [<snowplow_tracker.self_describing_json.SelfDescribingJson object at 0x000001F9CA76A9C0>]}
[0m10:32:49.316604 [debug] [MainThread]: Wrote artifact WritableManifest to C:\analytics_platform\astro\dbt\target\manifest.json
[0m10:32:49.321342 [debug] [MainThread]: Wrote artifact SemanticManifest to C:\analytics_platform\astro\dbt\target\semantic_manifest.json
[0m10:32:49.684268 [debug] [MainThread]: Wrote artifact OsiDocument to C:\analytics_platform\astro\dbt\target\osi_document.json
[0m10:32:50.014511 [debug] [MainThread]: Sending event: {'category': 'dbt', 'action': 'resource_counts', 'label': '0313ee30-cd13-4558-93e3-cea08d549d8d', 'context': [<snowplow_tracker.self_describing_json.SelfDescribingJson object at 0x000001F9CBEA2180>]}
[0m10:32:50.016033 [info ] [MainThread]: Found 16 models, 27 data tests, 8 sources, 477 macros
[0m10:32:50.018643 [info ] [MainThread]: 
[0m10:32:50.019556 [info ] [MainThread]: Concurrency: 4 threads (target='dev')
[0m10:32:50.019556 [info ] [MainThread]: 
[0m10:32:50.020558 [debug] [MainThread]: Acquiring new postgres connection 'master'
[0m10:32:50.023637 [debug] [ThreadPool]: Acquiring new postgres connection 'list_olist_db'
[0m10:32:50.087280 [debug] [ThreadPool]: Using postgres connection "list_olist_db"
[0m10:32:50.087280 [debug] [ThreadPool]: On list_olist_db: /* {"app": "dbt", "dbt_version": "1.12.3", "profile_name": "default", "target_name": "dev", "connection_name": "list_olist_db"} */

    select distinct nspname from pg_namespace
  
[0m10:32:50.087280 [debug] [ThreadPool]: Opening a new connection, currently in state init
[0m10:32:50.139954 [debug] [ThreadPool]: SQL status: SELECT 5 in 0.052 seconds
[0m10:32:50.141954 [debug] [ThreadPool]: On list_olist_db: Close
[0m10:32:50.142949 [debug] [ThreadPool]: Re-using an available connection from the pool (formerly list_olist_db, now create_olist_db_dev_stg)
[0m10:32:50.142949 [debug] [ThreadPool]: Creating schema "database: "olist_db"
schema: "dev_stg"
"
[0m10:32:50.147650 [debug] [ThreadPool]: Using postgres connection "create_olist_db_dev_stg"
[0m10:32:50.147650 [debug] [ThreadPool]: On create_olist_db_dev_stg: /* {"app": "dbt", "dbt_version": "1.12.3", "profile_name": "default", "target_name": "dev", "connection_name": "create_olist_db_dev_stg"} */
create schema if not exists "dev_stg"
[0m10:32:50.148749 [debug] [ThreadPool]: Opening a new connection, currently in state closed
[0m10:32:50.177590 [debug] [ThreadPool]: SQL status: CREATE SCHEMA in 0.029 seconds
[0m10:32:50.178232 [debug] [ThreadPool]: On create_olist_db_dev_stg: COMMIT
[0m10:32:50.178232 [debug] [ThreadPool]: Using postgres connection "create_olist_db_dev_stg"
[0m10:32:50.179258 [debug] [ThreadPool]: On create_olist_db_dev_stg: COMMIT
[0m10:32:50.208280 [debug] [ThreadPool]: SQL status: COMMIT in 0.030 seconds
[0m10:32:50.209550 [debug] [ThreadPool]: On create_olist_db_dev_stg: Close
[0m10:32:50.213558 [debug] [ThreadPool]: Acquiring new postgres connection 'list_olist_db_dev_stg'
[0m10:32:50.218791 [debug] [ThreadPool]: Using postgres connection "list_olist_db_dev_stg"
[0m10:32:50.219707 [debug] [ThreadPool]: Acquiring new postgres connection 'list_olist_db_dev_marts'
[0m10:32:50.219707 [debug] [ThreadPool]: On list_olist_db_dev_stg: /* {"app": "dbt", "dbt_version": "1.12.3", "profile_name": "default", "target_name": "dev", "connection_name": "list_olist_db_dev_stg"} */
select
      'olist_db' as database,
      tablename as name,
      schemaname as schema,
      'table' as type
    from pg_tables
    where schemaname ilike 'dev_stg'
    union all
    select
      'olist_db' as database,
      viewname as name,
      schemaname as schema,
      'view' as type
    from pg_views
    where schemaname ilike 'dev_stg'
    union all
    select
      'olist_db' as database,
      matviewname as name,
      schemaname as schema,
      'materialized_view' as type
    from pg_matviews
    where schemaname ilike 'dev_stg'
    union all
    select distinct
     'olist_db' as database,
     proname as name,
     ns.nspname as schema,
     'function' as type
    from pg_proc
     join pg_namespace as ns on pronamespace = ns.oid
    where ns.nspname ilike 'dev_stg'
  
[0m10:32:50.220706 [debug] [ThreadPool]: Using postgres connection "list_olist_db_dev_marts"
[0m10:32:50.220706 [debug] [ThreadPool]: Opening a new connection, currently in state init
[0m10:32:50.221713 [debug] [ThreadPool]: On list_olist_db_dev_marts: /* {"app": "dbt", "dbt_version": "1.12.3", "profile_name": "default", "target_name": "dev", "connection_name": "list_olist_db_dev_marts"} */
select
      'olist_db' as database,
      tablename as name,
      schemaname as schema,
      'table' as type
    from pg_tables
    where schemaname ilike 'dev_marts'
    union all
    select
      'olist_db' as database,
      viewname as name,
      schemaname as schema,
      'view' as type
    from pg_views
    where schemaname ilike 'dev_marts'
    union all
    select
      'olist_db' as database,
      matviewname as name,
      schemaname as schema,
      'materialized_view' as type
    from pg_matviews
    where schemaname ilike 'dev_marts'
    union all
    select distinct
     'olist_db' as database,
     proname as name,
     ns.nspname as schema,
     'function' as type
    from pg_proc
     join pg_namespace as ns on pronamespace = ns.oid
    where ns.nspname ilike 'dev_marts'
  
[0m10:32:50.221713 [debug] [ThreadPool]: Opening a new connection, currently in state init
[0m10:32:50.243146 [debug] [ThreadPool]: SQL status: SELECT 0 in 0.021 seconds
[0m10:32:50.244163 [debug] [ThreadPool]: On list_olist_db_dev_marts: ROLLBACK
[0m10:32:50.244163 [debug] [ThreadPool]: On list_olist_db_dev_marts: Close
[0m10:32:50.245671 [debug] [ThreadPool]: SQL status: SELECT 0 in 0.025 seconds
[0m10:32:50.247983 [debug] [ThreadPool]: On list_olist_db_dev_stg: ROLLBACK
[0m10:32:50.249192 [debug] [ThreadPool]: On list_olist_db_dev_stg: Close
[0m10:32:50.254733 [debug] [MainThread]: Using postgres connection "master"
[0m10:32:50.255733 [debug] [MainThread]: On master: /* {"app": "dbt", "dbt_version": "1.12.3", "profile_name": "default", "target_name": "dev", "connection_name": "master"} */
select distinct
        dependent_namespace.nspname as dependent_schema,
        dependent_class.relname as dependent_name,
        referenced_namespace.nspname as referenced_schema,
        referenced_class.relname as referenced_name

    -- Query for views: views are entries in pg_class with an entry in pg_rewrite, but we avoid
    -- a seq scan on pg_rewrite by leveraging the fact there is an "internal" row in pg_depend for
    -- the view...
    from pg_class as dependent_class
    join pg_namespace as dependent_namespace on dependent_namespace.oid = dependent_class.relnamespace
    join pg_depend as dependent_depend on dependent_depend.refobjid = dependent_class.oid
        and dependent_depend.classid = 'pg_rewrite'::regclass
        and dependent_depend.refclassid = 'pg_class'::regclass
        and dependent_depend.deptype = 'i'

    -- ... and via pg_depend (that has a row per column, hence the need for "distinct" above, and
    -- making sure to exclude the internal row to avoid a view appearing to depend on itself)...
    join pg_depend as joining_depend on joining_depend.objid = dependent_depend.objid
        and joining_depend.classid = 'pg_rewrite'::regclass
        and joining_depend.refclassid = 'pg_class'::regclass
        and joining_depend.refobjid != dependent_depend.refobjid

    -- ... we can find the tables they query from in pg_class, but excluding system tables. Note we
    -- don't need need to exclude _dependent_ system tables, because they only query from other
    -- system tables, and so are automatically excluded by excluding _referenced_ system tables
    join pg_class as referenced_class on referenced_class.oid = joining_depend.refobjid
    join pg_namespace as referenced_namespace on referenced_namespace.oid = referenced_class.relnamespace
        and referenced_namespace.nspname != 'information_schema'
        and referenced_namespace.nspname not like 'pg\_%'

    order by
        dependent_schema, dependent_name, referenced_schema, referenced_name;
[0m10:32:50.256263 [debug] [MainThread]: Opening a new connection, currently in state init
[0m10:32:50.272194 [debug] [MainThread]: SQL status: SELECT 0 in 0.017 seconds
[0m10:32:50.274291 [debug] [MainThread]: Sending event: {'category': 'dbt', 'action': 'runnable_timing', 'label': '0313ee30-cd13-4558-93e3-cea08d549d8d', 'context': [<snowplow_tracker.self_describing_json.SelfDescribingJson object at 0x000001F9CBBBD580>]}
[0m10:32:50.274291 [debug] [MainThread]: On master: ROLLBACK
[0m10:32:50.275796 [debug] [MainThread]: On master: COMMIT
[0m10:32:50.275796 [debug] [MainThread]: Using postgres connection "master"
[0m10:32:50.275796 [debug] [MainThread]: On master: COMMIT
[0m10:32:50.278036 [debug] [MainThread]: SQL status: COMMIT in 0.001 seconds
[0m10:32:50.278036 [debug] [MainThread]: On master: Close
[0m10:32:50.283758 [debug] [Thread-1 (]: Began running node model.olist_analytics.stg__customers
[0m10:32:50.284774 [debug] [Thread-2 (]: Began running node model.olist_analytics.stg__geolocations
[0m10:32:50.283758 [info ] [Thread-1 (]: 1 of 23 START sql view model dev_stg.stg__customers ............................ [RUN]
[0m10:32:50.284774 [debug] [Thread-3 (]: Began running node model.olist_analytics.stg__order_items
[0m10:32:50.286266 [debug] [Thread-4 (]: Began running node model.olist_analytics.stg__order_payments
[0m10:32:50.285760 [info ] [Thread-2 (]: 2 of 23 START sql view model dev_stg.stg__geolocations ......................... [RUN]
[0m10:32:50.286794 [debug] [Thread-1 (]: Acquiring new postgres connection 'model.olist_analytics.stg__customers'
[0m10:32:50.286794 [info ] [Thread-3 (]: 3 of 23 START sql view model dev_stg.stg__order_items .......................... [RUN]
[0m10:32:50.287823 [info ] [Thread-4 (]: 4 of 23 START sql view model dev_stg.stg__order_payments ....................... [RUN]
[0m10:32:50.288475 [debug] [Thread-2 (]: Acquiring new postgres connection 'model.olist_analytics.stg__geolocations'
[0m10:32:50.288475 [debug] [Thread-1 (]: Began compiling node model.olist_analytics.stg__customers
[0m10:32:50.289481 [debug] [Thread-3 (]: Acquiring new postgres connection 'model.olist_analytics.stg__order_items'
[0m10:32:50.289481 [debug] [Thread-4 (]: Acquiring new postgres connection 'model.olist_analytics.stg__order_payments'
[0m10:32:50.290480 [debug] [Thread-2 (]: Began compiling node model.olist_analytics.stg__geolocations
[0m10:32:50.296584 [debug] [Thread-1 (]: Writing injected SQL for node "model.olist_analytics.stg__customers"
[0m10:32:50.296584 [debug] [Thread-3 (]: Began compiling node model.olist_analytics.stg__order_items
[0m10:32:50.297592 [debug] [Thread-4 (]: Began compiling node model.olist_analytics.stg__order_payments
[0m10:32:50.301597 [debug] [Thread-2 (]: Writing injected SQL for node "model.olist_analytics.stg__geolocations"
[0m10:32:50.303598 [debug] [Thread-3 (]: Writing injected SQL for node "model.olist_analytics.stg__order_items"
[0m10:32:50.304598 [debug] [Thread-4 (]: Writing injected SQL for node "model.olist_analytics.stg__order_payments"
[0m10:32:50.311764 [debug] [Thread-1 (]: Began executing node model.olist_analytics.stg__customers
[0m10:32:50.325774 [debug] [Thread-2 (]: Began executing node model.olist_analytics.stg__geolocations
[0m10:32:50.353008 [debug] [Thread-1 (]: Writing runtime sql for node "model.olist_analytics.stg__customers"
[0m10:32:50.354109 [debug] [Thread-3 (]: Began executing node model.olist_analytics.stg__order_items
[0m10:32:50.354614 [debug] [Thread-4 (]: Began executing node model.olist_analytics.stg__order_payments
[0m10:32:50.411062 [debug] [Thread-2 (]: Writing runtime sql for node "model.olist_analytics.stg__geolocations"
[0m10:32:50.415062 [debug] [Thread-3 (]: Writing runtime sql for node "model.olist_analytics.stg__order_items"
[0m10:32:50.420515 [debug] [Thread-4 (]: Writing runtime sql for node "model.olist_analytics.stg__order_payments"
[0m10:32:50.485866 [debug] [Thread-4 (]: Using postgres connection "model.olist_analytics.stg__order_payments"
[0m10:32:50.486931 [debug] [Thread-4 (]: On model.olist_analytics.stg__order_payments: /* {"app": "dbt", "dbt_version": "1.12.3", "profile_name": "default", "target_name": "dev", "node_id": "model.olist_analytics.stg__order_payments"} */

  create view "olist_db"."dev_stg"."stg__order_payments__dbt_tmp"
    
    
  as (
    with source as (
    select * from "olist_db"."raw"."order_payments"
),

final as (
    select
        order_id,
        payment_installments,
        payment_sequential,
        payment_value,
        replace(upper(coalesce(payment_type, 'NOT DEFINED')), '_', ' ') as payment_type
    from source
)

select * from final
  );
[0m10:32:50.486931 [debug] [Thread-4 (]: Opening a new connection, currently in state init
[0m10:32:50.510608 [debug] [Thread-1 (]: Using postgres connection "model.olist_analytics.stg__customers"
[0m10:32:50.511611 [debug] [Thread-1 (]: On model.olist_analytics.stg__customers: /* {"app": "dbt", "dbt_version": "1.12.3", "profile_name": "default", "target_name": "dev", "node_id": "model.olist_analytics.stg__customers"} */

  create view "olist_db"."dev_stg"."stg__customers__dbt_tmp"
    
    
  as (
    with source as (
    select * from "olist_db"."raw"."customers"
),

final as (
    select
        customer_id,
        customer_unique_id,
        customer_zip_code_prefix as zip_code_prefix
    from source
)

select * from final
  );
[0m10:32:50.511611 [debug] [Thread-1 (]: Opening a new connection, currently in state init
[0m10:32:50.535831 [debug] [Thread-2 (]: Using postgres connection "model.olist_analytics.stg__geolocations"
[0m10:32:50.536840 [debug] [Thread-2 (]: On model.olist_analytics.stg__geolocations: /* {"app": "dbt", "dbt_version": "1.12.3", "profile_name": "default", "target_name": "dev", "node_id": "model.olist_analytics.stg__geolocations"} */

  create view "olist_db"."dev_stg"."stg__geolocations__dbt_tmp"
    
    
  as (
    with source as (
    select * from "olist_db"."raw"."geolocation"
),

final as (
    select
        geolocation_zip_code_prefix as zip_code_prefix,
        geolocation_state as uf,
        geolocation_lat as latitude,
        geolocation_lng as longitude,
        upper(geolocation_city) as cidade
    from source
)

select * from final
  );
[0m10:32:50.536840 [debug] [Thread-2 (]: Opening a new connection, currently in state init
[0m10:32:50.538051 [debug] [Thread-3 (]: Using postgres connection "model.olist_analytics.stg__order_items"
[0m10:32:50.539053 [debug] [Thread-3 (]: On model.olist_analytics.stg__order_items: /* {"app": "dbt", "dbt_version": "1.12.3", "profile_name": "default", "target_name": "dev", "node_id": "model.olist_analytics.stg__order_items"} */

  create view "olist_db"."dev_stg"."stg__order_items__dbt_tmp"
    
    
  as (
    with source as (
    select * from "olist_db"."raw"."order_items"
),

final as (
    select
        order_id,
        product_id,
        seller_id,
        order_item_id as order_item,
        price,
        freight_value
    from source
)

select * from final
  );
[0m10:32:50.539053 [debug] [Thread-3 (]: Opening a new connection, currently in state init
[0m10:32:50.572720 [debug] [Thread-2 (]: Postgres adapter: Postgres error: relation "raw.geolocation" does not exist
LINE 8:     select * from "olist_db"."raw"."geolocation"
                          ^

[0m10:32:50.574339 [debug] [Thread-2 (]: On model.olist_analytics.stg__geolocations: ROLLBACK
[0m10:32:50.578168 [debug] [Thread-2 (]: On model.olist_analytics.stg__geolocations: Close
[0m10:32:50.604775 [debug] [Thread-2 (]: Database Error in model stg__geolocations (models\stg\stg__geolocations.sql)
  relation "raw.geolocation" does not exist
  LINE 8:     select * from "olist_db"."raw"."geolocation"
                            ^
  compiled code at target\run\olist_analytics\models\stg\stg__geolocations.sql
[0m10:32:50.618269 [debug] [Thread-2 (]: Sending event: {'category': 'dbt', 'action': 'run_model', 'label': '0313ee30-cd13-4558-93e3-cea08d549d8d', 'context': [<snowplow_tracker.self_describing_json.SelfDescribingJson object at 0x000001F9CA714530>]}
[0m10:32:50.620263 [error] [Thread-2 (]: 2 of 23 ERROR creating sql view model dev_stg.stg__geolocations ................ [[31mERROR[0m in 0.32s]
[0m10:32:50.621345 [debug] [Thread-2 (]: Finished running node model.olist_analytics.stg__geolocations
[0m10:32:50.621345 [debug] [Thread-2 (]: Began running node model.olist_analytics.stg__order_reviews
[0m10:32:50.622347 [debug] [Thread-7 (]: Marking all children of 'model.olist_analytics.stg__geolocations' to be skipped because of status 'error'.  Reason: Database Error in model stg__geolocations (models\stg\stg__geolocations.sql)
  relation "raw.geolocation" does not exist
  LINE 8:     select * from "olist_db"."raw"."geolocation"
                            ^
  compiled code at target\run\olist_analytics\models\stg\stg__geolocations.sql.
[0m10:32:50.622347 [info ] [Thread-2 (]: 5 of 23 START sql view model dev_stg.stg__order_reviews ........................ [RUN]
[0m10:32:50.624268 [debug] [Thread-2 (]: Re-using an available connection from the pool (formerly model.olist_analytics.stg__geolocations, now model.olist_analytics.stg__order_reviews)
[0m10:32:50.624268 [debug] [Thread-2 (]: Began compiling node model.olist_analytics.stg__order_reviews
[0m10:32:50.626903 [debug] [Thread-2 (]: Writing injected SQL for node "model.olist_analytics.stg__order_reviews"
[0m10:32:50.628080 [debug] [Thread-2 (]: Began executing node model.olist_analytics.stg__order_reviews
[0m10:32:50.632174 [debug] [Thread-2 (]: Writing runtime sql for node "model.olist_analytics.stg__order_reviews"
[0m10:32:50.633187 [debug] [Thread-2 (]: Using postgres connection "model.olist_analytics.stg__order_reviews"
[0m10:32:50.634140 [debug] [Thread-2 (]: On model.olist_analytics.stg__order_reviews: /* {"app": "dbt", "dbt_version": "1.12.3", "profile_name": "default", "target_name": "dev", "node_id": "model.olist_analytics.stg__order_reviews"} */

  create view "olist_db"."dev_stg"."stg__order_reviews__dbt_tmp"
    
    
  as (
    with source as (
    select * from "olist_db"."raw"."order_reviews"
),

final as (
    select
        review_id,
        order_id,
        review_comment_title as review_title,
        review_comment_message as review_message,
        review_creation_date as review_dt,
        review_answer_timestamp as review_answer_ts,
        review_score
    from source
)

select * from final
  );
[0m10:32:50.634140 [debug] [Thread-2 (]: Opening a new connection, currently in state closed
[0m10:32:50.647845 [debug] [Thread-4 (]: SQL status: CREATE VIEW in 0.161 seconds
[0m10:32:50.648854 [debug] [Thread-1 (]: SQL status: CREATE VIEW in 0.137 seconds
[0m10:32:50.654361 [debug] [Thread-4 (]: Using postgres connection "model.olist_analytics.stg__order_payments"
[0m10:32:50.655985 [debug] [Thread-3 (]: SQL status: CREATE VIEW in 0.116 seconds
[0m10:32:50.659540 [debug] [Thread-1 (]: Using postgres connection "model.olist_analytics.stg__customers"
[0m10:32:50.661512 [debug] [Thread-4 (]: On model.olist_analytics.stg__order_payments: /* {"app": "dbt", "dbt_version": "1.12.3", "profile_name": "default", "target_name": "dev", "node_id": "model.olist_analytics.stg__order_payments"} */
alter table "olist_db"."dev_stg"."stg__order_payments__dbt_tmp" rename to "stg__order_payments"
[0m10:32:50.663523 [debug] [Thread-3 (]: Using postgres connection "model.olist_analytics.stg__order_items"
[0m10:32:50.664510 [debug] [Thread-1 (]: On model.olist_analytics.stg__customers: /* {"app": "dbt", "dbt_version": "1.12.3", "profile_name": "default", "target_name": "dev", "node_id": "model.olist_analytics.stg__customers"} */
alter table "olist_db"."dev_stg"."stg__customers__dbt_tmp" rename to "stg__customers"
[0m10:32:50.664510 [debug] [Thread-3 (]: On model.olist_analytics.stg__order_items: /* {"app": "dbt", "dbt_version": "1.12.3", "profile_name": "default", "target_name": "dev", "node_id": "model.olist_analytics.stg__order_items"} */
alter table "olist_db"."dev_stg"."stg__order_items__dbt_tmp" rename to "stg__order_items"
[0m10:32:50.676549 [debug] [Thread-3 (]: SQL status: ALTER TABLE in 0.012 seconds
[0m10:32:50.677561 [debug] [Thread-4 (]: SQL status: ALTER TABLE in 0.013 seconds
[0m10:32:50.677561 [debug] [Thread-1 (]: SQL status: ALTER TABLE in 0.013 seconds
[0m10:32:50.678560 [debug] [Thread-2 (]: SQL status: CREATE VIEW in 0.044 seconds
[0m10:32:50.699300 [debug] [Thread-3 (]: On model.olist_analytics.stg__order_items: COMMIT
[0m10:32:50.701207 [debug] [Thread-4 (]: On model.olist_analytics.stg__order_payments: COMMIT
[0m10:32:50.703214 [debug] [Thread-1 (]: On model.olist_analytics.stg__customers: COMMIT
[0m10:32:50.705810 [debug] [Thread-2 (]: Using postgres connection "model.olist_analytics.stg__order_reviews"
[0m10:32:50.706817 [debug] [Thread-3 (]: Using postgres connection "model.olist_analytics.stg__order_items"
[0m10:32:50.706817 [debug] [Thread-4 (]: Using postgres connection "model.olist_analytics.stg__order_payments"
[0m10:32:50.708082 [debug] [Thread-1 (]: Using postgres connection "model.olist_analytics.stg__customers"
[0m10:32:50.708082 [debug] [Thread-2 (]: On model.olist_analytics.stg__order_reviews: /* {"app": "dbt", "dbt_version": "1.12.3", "profile_name": "default", "target_name": "dev", "node_id": "model.olist_analytics.stg__order_reviews"} */
alter table "olist_db"."dev_stg"."stg__order_reviews__dbt_tmp" rename to "stg__order_reviews"
[0m10:32:50.709039 [debug] [Thread-3 (]: On model.olist_analytics.stg__order_items: COMMIT
[0m10:32:50.709039 [debug] [Thread-4 (]: On model.olist_analytics.stg__order_payments: COMMIT
[0m10:32:50.709039 [debug] [Thread-1 (]: On model.olist_analytics.stg__customers: COMMIT
[0m10:32:50.711007 [debug] [Thread-2 (]: SQL status: ALTER TABLE in 0.001 seconds
[0m10:32:50.713010 [debug] [Thread-2 (]: On model.olist_analytics.stg__order_reviews: COMMIT
[0m10:32:50.714008 [debug] [Thread-2 (]: Using postgres connection "model.olist_analytics.stg__order_reviews"
[0m10:32:50.714008 [debug] [Thread-2 (]: On model.olist_analytics.stg__order_reviews: COMMIT
[0m10:32:50.729819 [debug] [Thread-3 (]: SQL status: COMMIT in 0.020 seconds
[0m10:32:50.730852 [debug] [Thread-2 (]: SQL status: COMMIT in 0.016 seconds
[0m10:32:50.734908 [debug] [Thread-3 (]: Applying DROP to: "olist_db"."dev_stg"."stg__order_items__dbt_backup"
[0m10:32:50.735907 [debug] [Thread-4 (]: SQL status: COMMIT in 0.026 seconds
[0m10:32:50.736465 [debug] [Thread-1 (]: SQL status: COMMIT in 0.026 seconds
[0m10:32:50.737553 [debug] [Thread-2 (]: Applying DROP to: "olist_db"."dev_stg"."stg__order_reviews__dbt_backup"
[0m10:32:50.743183 [debug] [Thread-3 (]: Using postgres connection "model.olist_analytics.stg__order_items"
[0m10:32:50.744182 [debug] [Thread-4 (]: Applying DROP to: "olist_db"."dev_stg"."stg__order_payments__dbt_backup"
[0m10:32:50.746702 [debug] [Thread-1 (]: Applying DROP to: "olist_db"."dev_stg"."stg__customers__dbt_backup"
[0m10:32:50.746702 [debug] [Thread-2 (]: Using postgres connection "model.olist_analytics.stg__order_reviews"
[0m10:32:50.746702 [debug] [Thread-3 (]: On model.olist_analytics.stg__order_items: /* {"app": "dbt", "dbt_version": "1.12.3", "profile_name": "default", "target_name": "dev", "node_id": "model.olist_analytics.stg__order_items"} */
drop view if exists "olist_db"."dev_stg"."stg__order_items__dbt_backup" cascade
[0m10:32:50.748041 [debug] [Thread-4 (]: Using postgres connection "model.olist_analytics.stg__order_payments"
[0m10:32:50.749042 [debug] [Thread-1 (]: Using postgres connection "model.olist_analytics.stg__customers"
[0m10:32:50.749042 [debug] [Thread-2 (]: On model.olist_analytics.stg__order_reviews: /* {"app": "dbt", "dbt_version": "1.12.3", "profile_name": "default", "target_name": "dev", "node_id": "model.olist_analytics.stg__order_reviews"} */
drop view if exists "olist_db"."dev_stg"."stg__order_reviews__dbt_backup" cascade
[0m10:32:50.750042 [debug] [Thread-4 (]: On model.olist_analytics.stg__order_payments: /* {"app": "dbt", "dbt_version": "1.12.3", "profile_name": "default", "target_name": "dev", "node_id": "model.olist_analytics.stg__order_payments"} */
drop view if exists "olist_db"."dev_stg"."stg__order_payments__dbt_backup" cascade
[0m10:32:50.750042 [debug] [Thread-1 (]: On model.olist_analytics.stg__customers: /* {"app": "dbt", "dbt_version": "1.12.3", "profile_name": "default", "target_name": "dev", "node_id": "model.olist_analytics.stg__customers"} */
drop view if exists "olist_db"."dev_stg"."stg__customers__dbt_backup" cascade
[0m10:32:50.761684 [debug] [Thread-4 (]: SQL status: DROP VIEW in 0.011 seconds
[0m10:32:50.763784 [debug] [Thread-4 (]: On model.olist_analytics.stg__order_payments: Close
[0m10:32:50.764685 [debug] [Thread-2 (]: SQL status: DROP VIEW in 0.014 seconds
[0m10:32:50.764685 [debug] [Thread-3 (]: SQL status: DROP VIEW in 0.015 seconds
[0m10:32:50.764685 [debug] [Thread-1 (]: SQL status: DROP VIEW in 0.014 seconds
[0m10:32:50.765689 [debug] [Thread-2 (]: On model.olist_analytics.stg__order_reviews: Close
[0m10:32:50.766888 [debug] [Thread-4 (]: Sending event: {'category': 'dbt', 'action': 'run_model', 'label': '0313ee30-cd13-4558-93e3-cea08d549d8d', 'context': [<snowplow_tracker.self_describing_json.SelfDescribingJson object at 0x000001F9C558CF20>]}
[0m10:32:50.768903 [debug] [Thread-3 (]: On model.olist_analytics.stg__order_items: Close
[0m10:32:50.769903 [debug] [Thread-1 (]: On model.olist_analytics.stg__customers: Close
[0m10:32:50.770905 [debug] [Thread-2 (]: Sending event: {'category': 'dbt', 'action': 'run_model', 'label': '0313ee30-cd13-4558-93e3-cea08d549d8d', 'context': [<snowplow_tracker.self_describing_json.SelfDescribingJson object at 0x000001F9CC41D550>]}
[0m10:32:50.770905 [info ] [Thread-4 (]: 4 of 23 OK created sql view model dev_stg.stg__order_payments .................. [[32mCREATE VIEW[0m in 0.48s]
[0m10:32:50.772905 [debug] [Thread-3 (]: Sending event: {'category': 'dbt', 'action': 'run_model', 'label': '0313ee30-cd13-4558-93e3-cea08d549d8d', 'context': [<snowplow_tracker.self_describing_json.SelfDescribingJson object at 0x000001F9CBD72A20>]}
[0m10:32:50.774905 [debug] [Thread-1 (]: Sending event: {'category': 'dbt', 'action': 'run_model', 'label': '0313ee30-cd13-4558-93e3-cea08d549d8d', 'context': [<snowplow_tracker.self_describing_json.SelfDescribingJson object at 0x000001F9CBEA2720>]}
[0m10:32:50.778517 [debug] [Thread-4 (]: Finished running node model.olist_analytics.stg__order_payments
[0m10:32:50.777447 [info ] [Thread-2 (]: 5 of 23 OK created sql view model dev_stg.stg__order_reviews ................... [[32mCREATE VIEW[0m in 0.15s]
[0m10:32:50.779557 [info ] [Thread-3 (]: 3 of 23 OK created sql view model dev_stg.stg__order_items ..................... [[32mCREATE VIEW[0m in 0.48s]
[0m10:32:50.780520 [debug] [Thread-4 (]: Began running node model.olist_analytics.stg__orders
[0m10:32:50.781520 [debug] [Thread-2 (]: Finished running node model.olist_analytics.stg__order_reviews
[0m10:32:50.783522 [debug] [Thread-3 (]: Finished running node model.olist_analytics.stg__order_items
[0m10:32:50.784522 [debug] [Thread-2 (]: Began running node model.olist_analytics.stg__products
[0m10:32:50.786564 [debug] [Thread-3 (]: Began running node model.olist_analytics.stg__sellers
[0m10:32:50.779557 [info ] [Thread-1 (]: 1 of 23 OK created sql view model dev_stg.stg__customers ....................... [[32mCREATE VIEW[0m in 0.49s]
[0m10:32:50.817849 [debug] [Thread-1 (]: Finished running node model.olist_analytics.stg__customers
[0m10:32:50.819618 [debug] [Thread-1 (]: Began running node test.olist_analytics.not_null_stg__geolocations_zip_code_prefix.d8c82bb46d
[0m10:32:50.784522 [info ] [Thread-4 (]: 6 of 23 START sql view model dev_stg.stg__orders ............................... [RUN]
[0m10:32:50.821623 [debug] [Thread-4 (]: Re-using an available connection from the pool (formerly model.olist_analytics.stg__order_payments, now model.olist_analytics.stg__orders)
[0m10:32:50.823626 [debug] [Thread-4 (]: Began compiling node model.olist_analytics.stg__orders
[0m10:32:50.828677 [debug] [Thread-4 (]: Writing injected SQL for node "model.olist_analytics.stg__orders"
[0m10:32:50.787574 [info ] [Thread-2 (]: 7 of 23 START sql view model dev_stg.stg__products ............................. [RUN]
[0m10:32:50.831674 [debug] [Thread-2 (]: Re-using an available connection from the pool (formerly model.olist_analytics.stg__order_reviews, now model.olist_analytics.stg__products)
[0m10:32:50.832677 [debug] [Thread-2 (]: Began compiling node model.olist_analytics.stg__products
[0m10:32:50.837693 [debug] [Thread-2 (]: Writing injected SQL for node "model.olist_analytics.stg__products"
[0m10:32:50.788583 [info ] [Thread-3 (]: 8 of 23 START sql view model dev_stg.stg__sellers .............................. [RUN]
[0m10:32:50.820621 [info ] [Thread-1 (]: 9 of 23 SKIP test not_null_stg__geolocations_zip_code_prefix ................... [[33mSKIP[0m]
[0m10:32:50.842699 [debug] [Thread-1 (]: Finished running node test.olist_analytics.not_null_stg__geolocations_zip_code_prefix.d8c82bb46d
[0m10:32:50.839701 [debug] [Thread-3 (]: Re-using an available connection from the pool (formerly model.olist_analytics.stg__order_items, now model.olist_analytics.stg__sellers)
[0m10:32:50.843700 [debug] [Thread-1 (]: Began running node test.olist_analytics.unique_stg__geolocations_zip_code_prefix.d6c6cbb486
[0m10:32:50.844704 [debug] [Thread-3 (]: Began compiling node model.olist_analytics.stg__sellers
[0m10:32:50.845700 [debug] [Thread-7 (]: Marking all children of 'test.olist_analytics.not_null_stg__geolocations_zip_code_prefix.d8c82bb46d' to be skipped because of status 'skipped'. 
[0m10:32:50.846712 [info ] [Thread-1 (]: 10 of 23 SKIP test unique_stg__geolocations_zip_code_prefix .................... [[33mSKIP[0m]
[0m10:32:50.851730 [debug] [Thread-3 (]: Writing injected SQL for node "model.olist_analytics.stg__sellers"
[0m10:32:50.852730 [debug] [Thread-1 (]: Finished running node test.olist_analytics.unique_stg__geolocations_zip_code_prefix.d6c6cbb486
[0m10:32:50.854773 [debug] [Thread-1 (]: Began running node test.olist_analytics.not_null_stg__order_items_order_id.8729c05f71
[0m10:32:50.859817 [debug] [Thread-7 (]: Marking all children of 'test.olist_analytics.unique_stg__geolocations_zip_code_prefix.d6c6cbb486' to be skipped because of status 'skipped'. 
[0m10:32:50.858837 [info ] [Thread-1 (]: 11 of 23 START test not_null_stg__order_items_order_id ......................... [RUN]
[0m10:32:50.861819 [debug] [Thread-1 (]: Re-using an available connection from the pool (formerly model.olist_analytics.stg__customers, now test.olist_analytics.not_null_stg__order_items_order_id.8729c05f71)
[0m10:32:50.862820 [debug] [Thread-4 (]: Began executing node model.olist_analytics.stg__orders
[0m10:32:50.863818 [debug] [Thread-3 (]: Began executing node model.olist_analytics.stg__sellers
[0m10:32:50.864819 [debug] [Thread-2 (]: Began executing node model.olist_analytics.stg__products
[0m10:32:50.866325 [debug] [Thread-1 (]: Began compiling node test.olist_analytics.not_null_stg__order_items_order_id.8729c05f71
[0m10:32:50.875815 [debug] [Thread-4 (]: Writing runtime sql for node "model.olist_analytics.stg__orders"
[0m10:32:50.887568 [debug] [Thread-2 (]: Writing runtime sql for node "model.olist_analytics.stg__products"
[0m10:32:50.883003 [debug] [Thread-3 (]: Writing runtime sql for node "model.olist_analytics.stg__sellers"
[0m10:32:50.913193 [debug] [Thread-1 (]: Writing injected SQL for node "test.olist_analytics.not_null_stg__order_items_order_id.8729c05f71"
[0m10:32:50.915716 [debug] [Thread-1 (]: Began executing node test.olist_analytics.not_null_stg__order_items_order_id.8729c05f71
[0m10:32:50.936646 [debug] [Thread-1 (]: Writing runtime sql for node "test.olist_analytics.not_null_stg__order_items_order_id.8729c05f71"
[0m10:32:50.937151 [debug] [Thread-4 (]: Using postgres connection "model.olist_analytics.stg__orders"
[0m10:32:50.937151 [debug] [Thread-4 (]: On model.olist_analytics.stg__orders: /* {"app": "dbt", "dbt_version": "1.12.3", "profile_name": "default", "target_name": "dev", "node_id": "model.olist_analytics.stg__orders"} */

  create view "olist_db"."dev_stg"."stg__orders__dbt_tmp"
    
    
  as (
    with source as (
    select * from "olist_db"."raw"."orders"
),

final as (
    select
        order_id,
        customer_id,
        order_purchase_timestamp as order_purchase_ts,
        order_approved_at,
        order_delivered_carrier_date as order_delivered_carrier_dt,
        order_delivered_customer_date as order_delivered_customer_dt,
        order_estimated_delivery_date as order_estimated_delivery_dt,
        upper(order_status) as order_status
    from source
)

select * from final
  );
[0m10:32:50.938206 [debug] [Thread-4 (]: Opening a new connection, currently in state closed
[0m10:32:50.939158 [debug] [Thread-2 (]: Using postgres connection "model.olist_analytics.stg__products"
[0m10:32:50.939158 [debug] [Thread-3 (]: Using postgres connection "model.olist_analytics.stg__sellers"
[0m10:32:50.941168 [debug] [Thread-2 (]: On model.olist_analytics.stg__products: /* {"app": "dbt", "dbt_version": "1.12.3", "profile_name": "default", "target_name": "dev", "node_id": "model.olist_analytics.stg__products"} */

  create view "olist_db"."dev_stg"."stg__products__dbt_tmp"
    
    
  as (
    with source as (
    select * from "olist_db"."raw"."products"
),

final as (
    select
        product_id,
        product_name_lenght,
        product_description_lenght,
        product_photos_qty,
        product_weight_g,
        product_length_cm,
        product_height_cm,
        product_width_cm,
        replace(upper(product_category_name), '_', ' ') as product_category
    from source
)

select * from final
  );
[0m10:32:50.942161 [debug] [Thread-3 (]: On model.olist_analytics.stg__sellers: /* {"app": "dbt", "dbt_version": "1.12.3", "profile_name": "default", "target_name": "dev", "node_id": "model.olist_analytics.stg__sellers"} */

  create view "olist_db"."dev_stg"."stg__sellers__dbt_tmp"
    
    
  as (
    with source as (
    select * from "olist_db"."raw"."sellers"
),

final as (
    select
        seller_id,
        seller_zip_code_prefix as zip_code_prefix
    from source
)

select * from final
  );
[0m10:32:50.943158 [debug] [Thread-2 (]: Opening a new connection, currently in state closed
[0m10:32:50.944160 [debug] [Thread-3 (]: Opening a new connection, currently in state closed
[0m10:32:50.944160 [debug] [Thread-1 (]: Using postgres connection "test.olist_analytics.not_null_stg__order_items_order_id.8729c05f71"
[0m10:32:50.945668 [debug] [Thread-1 (]: On test.olist_analytics.not_null_stg__order_items_order_id.8729c05f71: /* {"app": "dbt", "dbt_version": "1.12.3", "profile_name": "default", "target_name": "dev", "node_id": "test.olist_analytics.not_null_stg__order_items_order_id.8729c05f71"} */

    
    select
      count(*) as failures,
      count(*) != 0 as should_warn,
      count(*) != 0 as should_error
    from (
      
    
    
    
    



select order_id
from "olist_db"."dev_stg"."stg__order_items"
where order_id is null



    
  
    
    ) dbt_internal_test
[0m10:32:50.946676 [debug] [Thread-1 (]: Opening a new connection, currently in state closed
[0m10:32:50.962551 [debug] [Thread-4 (]: SQL status: CREATE VIEW in 0.024 seconds
[0m10:32:50.966652 [debug] [Thread-4 (]: Using postgres connection "model.olist_analytics.stg__orders"
[0m10:32:50.967664 [debug] [Thread-4 (]: On model.olist_analytics.stg__orders: /* {"app": "dbt", "dbt_version": "1.12.3", "profile_name": "default", "target_name": "dev", "node_id": "model.olist_analytics.stg__orders"} */
alter table "olist_db"."dev_stg"."stg__orders__dbt_tmp" rename to "stg__orders"
[0m10:32:50.969275 [debug] [Thread-4 (]: SQL status: ALTER TABLE in 0.001 seconds
[0m10:32:50.971277 [debug] [Thread-4 (]: On model.olist_analytics.stg__orders: COMMIT
[0m10:32:50.972358 [debug] [Thread-3 (]: SQL status: CREATE VIEW in 0.028 seconds
[0m10:32:50.972358 [debug] [Thread-4 (]: Using postgres connection "model.olist_analytics.stg__orders"
[0m10:32:50.973320 [debug] [Thread-2 (]: SQL status: CREATE VIEW in 0.030 seconds
[0m10:32:50.974337 [debug] [Thread-1 (]: SQL status: SELECT 1 in 0.028 seconds
[0m10:32:50.976564 [debug] [Thread-3 (]: Using postgres connection "model.olist_analytics.stg__sellers"
[0m10:32:50.977654 [debug] [Thread-4 (]: On model.olist_analytics.stg__orders: COMMIT
[0m10:32:50.979660 [debug] [Thread-2 (]: Using postgres connection "model.olist_analytics.stg__products"
[0m10:32:50.981673 [debug] [Thread-1 (]: On test.olist_analytics.not_null_stg__order_items_order_id.8729c05f71: ROLLBACK
[0m10:32:50.982672 [debug] [Thread-3 (]: On model.olist_analytics.stg__sellers: /* {"app": "dbt", "dbt_version": "1.12.3", "profile_name": "default", "target_name": "dev", "node_id": "model.olist_analytics.stg__sellers"} */
alter table "olist_db"."dev_stg"."stg__sellers__dbt_tmp" rename to "stg__sellers"
[0m10:32:50.982672 [debug] [Thread-2 (]: On model.olist_analytics.stg__products: /* {"app": "dbt", "dbt_version": "1.12.3", "profile_name": "default", "target_name": "dev", "node_id": "model.olist_analytics.stg__products"} */
alter table "olist_db"."dev_stg"."stg__products__dbt_tmp" rename to "stg__products"
[0m10:32:50.983572 [debug] [Thread-1 (]: On test.olist_analytics.not_null_stg__order_items_order_id.8729c05f71: Close
[0m10:32:50.984573 [debug] [Thread-4 (]: SQL status: COMMIT in 0.002 seconds
[0m10:32:50.987854 [debug] [Thread-4 (]: Applying DROP to: "olist_db"."dev_stg"."stg__orders__dbt_backup"
[0m10:32:50.988397 [debug] [Thread-3 (]: SQL status: ALTER TABLE in 0.006 seconds
[0m10:32:50.990426 [debug] [Thread-4 (]: Using postgres connection "model.olist_analytics.stg__orders"
[0m10:32:50.991407 [debug] [Thread-2 (]: SQL status: ALTER TABLE in 0.008 seconds
[0m10:32:50.988397 [info ] [Thread-1 (]: 11 of 23 PASS not_null_stg__order_items_order_id ............................... [[32mPASS[0m in 0.13s]
[0m10:32:50.993405 [debug] [Thread-3 (]: On model.olist_analytics.stg__sellers: COMMIT
[0m10:32:50.994439 [debug] [Thread-4 (]: On model.olist_analytics.stg__orders: /* {"app": "dbt", "dbt_version": "1.12.3", "profile_name": "default", "target_name": "dev", "node_id": "model.olist_analytics.stg__orders"} */
drop view if exists "olist_db"."dev_stg"."stg__orders__dbt_backup" cascade
[0m10:32:50.996505 [debug] [Thread-2 (]: On model.olist_analytics.stg__products: COMMIT
[0m10:32:50.997598 [debug] [Thread-1 (]: Finished running node test.olist_analytics.not_null_stg__order_items_order_id.8729c05f71
[0m10:32:50.998529 [debug] [Thread-3 (]: Using postgres connection "model.olist_analytics.stg__sellers"
[0m10:32:50.999512 [debug] [Thread-2 (]: Using postgres connection "model.olist_analytics.stg__products"
[0m10:32:50.999512 [debug] [Thread-1 (]: Began running node test.olist_analytics.not_null_stg__order_items_order_item.75ff26d0cf
[0m10:32:51.000514 [debug] [Thread-3 (]: On model.olist_analytics.stg__sellers: COMMIT
[0m10:32:51.000514 [debug] [Thread-4 (]: SQL status: DROP VIEW in 0.002 seconds
[0m10:32:51.001515 [debug] [Thread-2 (]: On model.olist_analytics.stg__products: COMMIT
[0m10:32:51.001515 [info ] [Thread-1 (]: 12 of 23 START test not_null_stg__order_items_order_item ....................... [RUN]
[0m10:32:51.004515 [debug] [Thread-4 (]: On model.olist_analytics.stg__orders: Close
[0m10:32:51.004515 [debug] [Thread-3 (]: SQL status: COMMIT in 0.003 seconds
[0m10:32:51.006022 [debug] [Thread-1 (]: Re-using an available connection from the pool (formerly test.olist_analytics.not_null_stg__order_items_order_id.8729c05f71, now test.olist_analytics.not_null_stg__order_items_order_item.75ff26d0cf)
[0m10:32:51.010570 [debug] [Thread-3 (]: Applying DROP to: "olist_db"."dev_stg"."stg__sellers__dbt_backup"
[0m10:32:51.011572 [debug] [Thread-2 (]: SQL status: COMMIT in 0.006 seconds
[0m10:32:51.012569 [debug] [Thread-4 (]: Sending event: {'category': 'dbt', 'action': 'run_model', 'label': '0313ee30-cd13-4558-93e3-cea08d549d8d', 'context': [<snowplow_tracker.self_describing_json.SelfDescribingJson object at 0x000001F9CDA51370>]}
[0m10:32:51.012569 [debug] [Thread-1 (]: Began compiling node test.olist_analytics.not_null_stg__order_items_order_item.75ff26d0cf
[0m10:32:51.014568 [debug] [Thread-3 (]: Using postgres connection "model.olist_analytics.stg__sellers"
[0m10:32:51.016670 [debug] [Thread-2 (]: Applying DROP to: "olist_db"."dev_stg"."stg__products__dbt_backup"
[0m10:32:51.028060 [debug] [Thread-1 (]: Writing injected SQL for node "test.olist_analytics.not_null_stg__order_items_order_item.75ff26d0cf"
[0m10:32:51.018237 [info ] [Thread-4 (]: 6 of 23 OK created sql view model dev_stg.stg__orders .......................... [[32mCREATE VIEW[0m in 0.19s]
[0m10:32:51.029054 [debug] [Thread-3 (]: On model.olist_analytics.stg__sellers: /* {"app": "dbt", "dbt_version": "1.12.3", "profile_name": "default", "target_name": "dev", "node_id": "model.olist_analytics.stg__sellers"} */
drop view if exists "olist_db"."dev_stg"."stg__sellers__dbt_backup" cascade
[0m10:32:51.030059 [debug] [Thread-2 (]: Using postgres connection "model.olist_analytics.stg__products"
[0m10:32:51.030975 [debug] [Thread-4 (]: Finished running node model.olist_analytics.stg__orders
[0m10:32:51.030975 [debug] [Thread-2 (]: On model.olist_analytics.stg__products: /* {"app": "dbt", "dbt_version": "1.12.3", "profile_name": "default", "target_name": "dev", "node_id": "model.olist_analytics.stg__products"} */
drop view if exists "olist_db"."dev_stg"."stg__products__dbt_backup" cascade
[0m10:32:51.031977 [debug] [Thread-4 (]: Began running node test.olist_analytics.not_null_stg__order_payments_order_id.64647d9958
[0m10:32:51.033072 [debug] [Thread-3 (]: SQL status: DROP VIEW in 0.002 seconds
[0m10:32:51.034979 [debug] [Thread-2 (]: SQL status: DROP VIEW in 0.002 seconds
[0m10:32:51.033976 [info ] [Thread-4 (]: 13 of 23 START test not_null_stg__order_payments_order_id ...................... [RUN]
[0m10:32:51.035978 [debug] [Thread-1 (]: Began executing node test.olist_analytics.not_null_stg__order_items_order_item.75ff26d0cf
[0m10:32:51.038159 [debug] [Thread-3 (]: On model.olist_analytics.stg__sellers: Close
[0m10:32:51.043261 [debug] [Thread-2 (]: On model.olist_analytics.stg__products: Close
[0m10:32:51.044173 [debug] [Thread-4 (]: Re-using an available connection from the pool (formerly model.olist_analytics.stg__orders, now test.olist_analytics.not_null_stg__order_payments_order_id.64647d9958)
[0m10:32:51.046699 [debug] [Thread-1 (]: Writing runtime sql for node "test.olist_analytics.not_null_stg__order_items_order_item.75ff26d0cf"
[0m10:32:51.048082 [debug] [Thread-3 (]: Sending event: {'category': 'dbt', 'action': 'run_model', 'label': '0313ee30-cd13-4558-93e3-cea08d549d8d', 'context': [<snowplow_tracker.self_describing_json.SelfDescribingJson object at 0x000001F9CDA4FFB0>]}
[0m10:32:51.050078 [debug] [Thread-4 (]: Began compiling node test.olist_analytics.not_null_stg__order_payments_order_id.64647d9958
[0m10:32:51.051079 [debug] [Thread-2 (]: Sending event: {'category': 'dbt', 'action': 'run_model', 'label': '0313ee30-cd13-4558-93e3-cea08d549d8d', 'context': [<snowplow_tracker.self_describing_json.SelfDescribingJson object at 0x000001F9CDA4F890>]}
[0m10:32:51.052079 [info ] [Thread-3 (]: 8 of 23 OK created sql view model dev_stg.stg__sellers ......................... [[32mCREATE VIEW[0m in 0.21s]
[0m10:32:51.067965 [debug] [Thread-4 (]: Writing injected SQL for node "test.olist_analytics.not_null_stg__order_payments_order_id.64647d9958"
[0m10:32:51.068943 [info ] [Thread-2 (]: 7 of 23 OK created sql view model dev_stg.stg__products ........................ [[32mCREATE VIEW[0m in 0.22s]
[0m10:32:51.069944 [debug] [Thread-3 (]: Finished running node model.olist_analytics.stg__sellers
[0m10:32:51.070950 [debug] [Thread-1 (]: Using postgres connection "test.olist_analytics.not_null_stg__order_items_order_item.75ff26d0cf"
[0m10:32:51.071461 [debug] [Thread-2 (]: Finished running node model.olist_analytics.stg__products
[0m10:32:51.072464 [debug] [Thread-3 (]: Began running node test.olist_analytics.not_null_stg__order_reviews_review_id.8d5e1ef1b2
[0m10:32:51.072464 [debug] [Thread-1 (]: On test.olist_analytics.not_null_stg__order_items_order_item.75ff26d0cf: /* {"app": "dbt", "dbt_version": "1.12.3", "profile_name": "default", "target_name": "dev", "node_id": "test.olist_analytics.not_null_stg__order_items_order_item.75ff26d0cf"} */

    
    select
      count(*) as failures,
      count(*) != 0 as should_warn,
      count(*) != 0 as should_error
    from (
      
    
    
    
    



select order_item
from "olist_db"."dev_stg"."stg__order_items"
where order_item is null



    
  
    
    ) dbt_internal_test
[0m10:32:51.075974 [debug] [Thread-4 (]: Began executing node test.olist_analytics.not_null_stg__order_payments_order_id.64647d9958
[0m10:32:51.076499 [debug] [Thread-2 (]: Began running node test.olist_analytics.unique_stg__order_reviews_review_id.aa1f864917
[0m10:32:51.077507 [debug] [Thread-1 (]: Opening a new connection, currently in state closed
[0m10:32:51.076499 [info ] [Thread-3 (]: 14 of 23 START test not_null_stg__order_reviews_review_id ...................... [RUN]
[0m10:32:51.080288 [debug] [Thread-4 (]: Writing runtime sql for node "test.olist_analytics.not_null_stg__order_payments_order_id.64647d9958"
[0m10:32:51.081285 [info ] [Thread-2 (]: 15 of 23 START test unique_stg__order_reviews_review_id ........................ [RUN]
[0m10:32:51.083287 [debug] [Thread-3 (]: Re-using an available connection from the pool (formerly model.olist_analytics.stg__sellers, now test.olist_analytics.not_null_stg__order_reviews_review_id.8d5e1ef1b2)
[0m10:32:51.084660 [debug] [Thread-2 (]: Re-using an available connection from the pool (formerly model.olist_analytics.stg__products, now test.olist_analytics.unique_stg__order_reviews_review_id.aa1f864917)
[0m10:32:51.086707 [debug] [Thread-3 (]: Began compiling node test.olist_analytics.not_null_stg__order_reviews_review_id.8d5e1ef1b2
[0m10:32:51.087214 [debug] [Thread-2 (]: Began compiling node test.olist_analytics.unique_stg__order_reviews_review_id.aa1f864917
[0m10:32:51.099244 [debug] [Thread-4 (]: Using postgres connection "test.olist_analytics.not_null_stg__order_payments_order_id.64647d9958"
[0m10:32:51.104810 [debug] [Thread-3 (]: Writing injected SQL for node "test.olist_analytics.not_null_stg__order_reviews_review_id.8d5e1ef1b2"
[0m10:32:51.114427 [debug] [Thread-1 (]: SQL status: SELECT 1 in 0.037 seconds
[0m10:32:51.118241 [debug] [Thread-2 (]: Writing injected SQL for node "test.olist_analytics.unique_stg__order_reviews_review_id.aa1f864917"
[0m10:32:51.118690 [debug] [Thread-4 (]: On test.olist_analytics.not_null_stg__order_payments_order_id.64647d9958: /* {"app": "dbt", "dbt_version": "1.12.3", "profile_name": "default", "target_name": "dev", "node_id": "test.olist_analytics.not_null_stg__order_payments_order_id.64647d9958"} */

    
    select
      count(*) as failures,
      count(*) != 0 as should_warn,
      count(*) != 0 as should_error
    from (
      
    
    
    
    



select order_id
from "olist_db"."dev_stg"."stg__order_payments"
where order_id is null



    
  
    
    ) dbt_internal_test
[0m10:32:51.120303 [debug] [Thread-1 (]: On test.olist_analytics.not_null_stg__order_items_order_item.75ff26d0cf: ROLLBACK
[0m10:32:51.120303 [debug] [Thread-4 (]: Opening a new connection, currently in state closed
[0m10:32:51.121256 [debug] [Thread-3 (]: Began executing node test.olist_analytics.not_null_stg__order_reviews_review_id.8d5e1ef1b2
[0m10:32:51.122226 [debug] [Thread-2 (]: Began executing node test.olist_analytics.unique_stg__order_reviews_review_id.aa1f864917
[0m10:32:51.123302 [debug] [Thread-1 (]: On test.olist_analytics.not_null_stg__order_items_order_item.75ff26d0cf: Close
[0m10:32:51.128307 [debug] [Thread-3 (]: Writing runtime sql for node "test.olist_analytics.not_null_stg__order_reviews_review_id.8d5e1ef1b2"
[0m10:32:51.132390 [debug] [Thread-2 (]: Writing runtime sql for node "test.olist_analytics.unique_stg__order_reviews_review_id.aa1f864917"
[0m10:32:51.133305 [info ] [Thread-1 (]: 12 of 23 PASS not_null_stg__order_items_order_item ............................. [[32mPASS[0m in 0.13s]
[0m10:32:51.134307 [debug] [Thread-1 (]: Finished running node test.olist_analytics.not_null_stg__order_items_order_item.75ff26d0cf
[0m10:32:51.135819 [debug] [Thread-1 (]: Began running node test.olist_analytics.not_null_stg__customers_customer_id.a86167f4b7
[0m10:32:51.136829 [info ] [Thread-1 (]: 16 of 23 START test not_null_stg__customers_customer_id ........................ [RUN]
[0m10:32:51.137939 [debug] [Thread-2 (]: Using postgres connection "test.olist_analytics.unique_stg__order_reviews_review_id.aa1f864917"
[0m10:32:51.138959 [debug] [Thread-3 (]: Using postgres connection "test.olist_analytics.not_null_stg__order_reviews_review_id.8d5e1ef1b2"
[0m10:32:51.138959 [debug] [Thread-1 (]: Re-using an available connection from the pool (formerly test.olist_analytics.not_null_stg__order_items_order_item.75ff26d0cf, now test.olist_analytics.not_null_stg__customers_customer_id.a86167f4b7)
[0m10:32:51.140963 [debug] [Thread-2 (]: On test.olist_analytics.unique_stg__order_reviews_review_id.aa1f864917: /* {"app": "dbt", "dbt_version": "1.12.3", "profile_name": "default", "target_name": "dev", "node_id": "test.olist_analytics.unique_stg__order_reviews_review_id.aa1f864917"} */

    
    select
      count(*) as failures,
      count(*) != 0 as should_warn,
      count(*) != 0 as should_error
    from (
      
    
    
    
    

select
    review_id as unique_field,
    count(*) as n_records

from "olist_db"."dev_stg"."stg__order_reviews"
where review_id is not null
group by review_id
having count(*) > 1



    
  
    
    ) dbt_internal_test
[0m10:32:51.141988 [debug] [Thread-3 (]: On test.olist_analytics.not_null_stg__order_reviews_review_id.8d5e1ef1b2: /* {"app": "dbt", "dbt_version": "1.12.3", "profile_name": "default", "target_name": "dev", "node_id": "test.olist_analytics.not_null_stg__order_reviews_review_id.8d5e1ef1b2"} */

    
    select
      count(*) as failures,
      count(*) != 0 as should_warn,
      count(*) != 0 as should_error
    from (
      
    
    
    
    



select review_id
from "olist_db"."dev_stg"."stg__order_reviews"
where review_id is null



    
  
    
    ) dbt_internal_test
[0m10:32:51.142947 [debug] [Thread-1 (]: Began compiling node test.olist_analytics.not_null_stg__customers_customer_id.a86167f4b7
[0m10:32:51.143954 [debug] [Thread-2 (]: Opening a new connection, currently in state closed
[0m10:32:51.143954 [debug] [Thread-3 (]: Opening a new connection, currently in state closed
[0m10:32:51.143954 [debug] [Thread-4 (]: SQL status: SELECT 1 in 0.024 seconds
[0m10:32:51.152575 [debug] [Thread-1 (]: Writing injected SQL for node "test.olist_analytics.not_null_stg__customers_customer_id.a86167f4b7"
[0m10:32:51.155080 [debug] [Thread-4 (]: On test.olist_analytics.not_null_stg__order_payments_order_id.64647d9958: ROLLBACK
[0m10:32:51.159110 [debug] [Thread-4 (]: On test.olist_analytics.not_null_stg__order_payments_order_id.64647d9958: Close
[0m10:32:51.160656 [debug] [Thread-1 (]: Began executing node test.olist_analytics.not_null_stg__customers_customer_id.a86167f4b7
[0m10:32:51.167681 [debug] [Thread-1 (]: Writing runtime sql for node "test.olist_analytics.not_null_stg__customers_customer_id.a86167f4b7"
[0m10:32:51.168685 [info ] [Thread-4 (]: 13 of 23 PASS not_null_stg__order_payments_order_id ............................ [[32mPASS[0m in 0.12s]
[0m10:32:51.169686 [debug] [Thread-4 (]: Finished running node test.olist_analytics.not_null_stg__order_payments_order_id.64647d9958
[0m10:32:51.170691 [debug] [Thread-4 (]: Began running node test.olist_analytics.unique_stg__customers_customer_id.eb1c652d46
[0m10:32:51.171688 [info ] [Thread-4 (]: 17 of 23 START test unique_stg__customers_customer_id .......................... [RUN]
[0m10:32:51.172690 [debug] [Thread-4 (]: Re-using an available connection from the pool (formerly test.olist_analytics.not_null_stg__order_payments_order_id.64647d9958, now test.olist_analytics.unique_stg__customers_customer_id.eb1c652d46)
[0m10:32:51.173690 [debug] [Thread-1 (]: Using postgres connection "test.olist_analytics.not_null_stg__customers_customer_id.a86167f4b7"
[0m10:32:51.175698 [debug] [Thread-4 (]: Began compiling node test.olist_analytics.unique_stg__customers_customer_id.eb1c652d46
[0m10:32:51.176212 [debug] [Thread-1 (]: On test.olist_analytics.not_null_stg__customers_customer_id.a86167f4b7: /* {"app": "dbt", "dbt_version": "1.12.3", "profile_name": "default", "target_name": "dev", "node_id": "test.olist_analytics.not_null_stg__customers_customer_id.a86167f4b7"} */

    
    select
      count(*) as failures,
      count(*) != 0 as should_warn,
      count(*) != 0 as should_error
    from (
      
    
    
    
    



select customer_id
from "olist_db"."dev_stg"."stg__customers"
where customer_id is null



    
  
    
    ) dbt_internal_test
[0m10:32:51.186766 [debug] [Thread-4 (]: Writing injected SQL for node "test.olist_analytics.unique_stg__customers_customer_id.eb1c652d46"
[0m10:32:51.187781 [debug] [Thread-1 (]: Opening a new connection, currently in state closed
[0m10:32:51.189416 [debug] [Thread-4 (]: Began executing node test.olist_analytics.unique_stg__customers_customer_id.eb1c652d46
[0m10:32:51.194426 [debug] [Thread-4 (]: Writing runtime sql for node "test.olist_analytics.unique_stg__customers_customer_id.eb1c652d46"
[0m10:32:51.195938 [debug] [Thread-3 (]: SQL status: SELECT 1 in 0.052 seconds
[0m10:32:51.199080 [debug] [Thread-3 (]: On test.olist_analytics.not_null_stg__order_reviews_review_id.8d5e1ef1b2: ROLLBACK
[0m10:32:51.200091 [debug] [Thread-4 (]: Using postgres connection "test.olist_analytics.unique_stg__customers_customer_id.eb1c652d46"
[0m10:32:51.201089 [debug] [Thread-3 (]: On test.olist_analytics.not_null_stg__order_reviews_review_id.8d5e1ef1b2: Close
[0m10:32:51.201089 [debug] [Thread-4 (]: On test.olist_analytics.unique_stg__customers_customer_id.eb1c652d46: /* {"app": "dbt", "dbt_version": "1.12.3", "profile_name": "default", "target_name": "dev", "node_id": "test.olist_analytics.unique_stg__customers_customer_id.eb1c652d46"} */

    
    select
      count(*) as failures,
      count(*) != 0 as should_warn,
      count(*) != 0 as should_error
    from (
      
    
    
    
    

select
    customer_id as unique_field,
    count(*) as n_records

from "olist_db"."dev_stg"."stg__customers"
where customer_id is not null
group by customer_id
having count(*) > 1



    
  
    
    ) dbt_internal_test
[0m10:32:51.202090 [debug] [Thread-4 (]: Opening a new connection, currently in state closed
[0m10:32:51.203089 [info ] [Thread-3 (]: 14 of 23 PASS not_null_stg__order_reviews_review_id ............................ [[32mPASS[0m in 0.12s]
[0m10:32:51.205091 [debug] [Thread-3 (]: Finished running node test.olist_analytics.not_null_stg__order_reviews_review_id.8d5e1ef1b2
[0m10:32:51.206091 [debug] [Thread-3 (]: Began running node test.olist_analytics.not_null_stg__orders_order_id.4c0de21e40
[0m10:32:51.208561 [info ] [Thread-3 (]: 18 of 23 START test not_null_stg__orders_order_id .............................. [RUN]
[0m10:32:51.210642 [debug] [Thread-3 (]: Re-using an available connection from the pool (formerly test.olist_analytics.not_null_stg__order_reviews_review_id.8d5e1ef1b2, now test.olist_analytics.not_null_stg__orders_order_id.4c0de21e40)
[0m10:32:51.211636 [debug] [Thread-3 (]: Began compiling node test.olist_analytics.not_null_stg__orders_order_id.4c0de21e40
[0m10:32:51.224406 [debug] [Thread-3 (]: Writing injected SQL for node "test.olist_analytics.not_null_stg__orders_order_id.4c0de21e40"
[0m10:32:51.226437 [debug] [Thread-1 (]: SQL status: SELECT 1 in 0.038 seconds
[0m10:32:51.229158 [debug] [Thread-1 (]: On test.olist_analytics.not_null_stg__customers_customer_id.a86167f4b7: ROLLBACK
[0m10:32:51.231162 [debug] [Thread-3 (]: Began executing node test.olist_analytics.not_null_stg__orders_order_id.4c0de21e40
[0m10:32:51.232161 [debug] [Thread-1 (]: On test.olist_analytics.not_null_stg__customers_customer_id.a86167f4b7: Close
[0m10:32:51.234689 [debug] [Thread-3 (]: Writing runtime sql for node "test.olist_analytics.not_null_stg__orders_order_id.4c0de21e40"
[0m10:32:51.235686 [info ] [Thread-1 (]: 16 of 23 PASS not_null_stg__customers_customer_id .............................. [[32mPASS[0m in 0.10s]
[0m10:32:51.236709 [debug] [Thread-1 (]: Finished running node test.olist_analytics.not_null_stg__customers_customer_id.a86167f4b7
[0m10:32:51.237717 [debug] [Thread-1 (]: Began running node test.olist_analytics.unique_stg__orders_order_id.fc4ea352a1
[0m10:32:51.238720 [info ] [Thread-1 (]: 19 of 23 START test unique_stg__orders_order_id ................................ [RUN]
[0m10:32:51.240231 [debug] [Thread-3 (]: Using postgres connection "test.olist_analytics.not_null_stg__orders_order_id.4c0de21e40"
[0m10:32:51.242243 [debug] [Thread-1 (]: Re-using an available connection from the pool (formerly test.olist_analytics.not_null_stg__customers_customer_id.a86167f4b7, now test.olist_analytics.unique_stg__orders_order_id.fc4ea352a1)
[0m10:32:51.243241 [debug] [Thread-3 (]: On test.olist_analytics.not_null_stg__orders_order_id.4c0de21e40: /* {"app": "dbt", "dbt_version": "1.12.3", "profile_name": "default", "target_name": "dev", "node_id": "test.olist_analytics.not_null_stg__orders_order_id.4c0de21e40"} */

    
    select
      count(*) as failures,
      count(*) != 0 as should_warn,
      count(*) != 0 as should_error
    from (
      
    
    
    
    



select order_id
from "olist_db"."dev_stg"."stg__orders"
where order_id is null



    
  
    
    ) dbt_internal_test
[0m10:32:51.244248 [debug] [Thread-1 (]: Began compiling node test.olist_analytics.unique_stg__orders_order_id.fc4ea352a1
[0m10:32:51.244248 [debug] [Thread-3 (]: Opening a new connection, currently in state closed
[0m10:32:51.252518 [debug] [Thread-1 (]: Writing injected SQL for node "test.olist_analytics.unique_stg__orders_order_id.fc4ea352a1"
[0m10:32:51.255011 [debug] [Thread-1 (]: Began executing node test.olist_analytics.unique_stg__orders_order_id.fc4ea352a1
[0m10:32:51.261123 [debug] [Thread-1 (]: Writing runtime sql for node "test.olist_analytics.unique_stg__orders_order_id.fc4ea352a1"
[0m10:32:51.263116 [debug] [Thread-1 (]: Using postgres connection "test.olist_analytics.unique_stg__orders_order_id.fc4ea352a1"
[0m10:32:51.264119 [debug] [Thread-1 (]: On test.olist_analytics.unique_stg__orders_order_id.fc4ea352a1: /* {"app": "dbt", "dbt_version": "1.12.3", "profile_name": "default", "target_name": "dev", "node_id": "test.olist_analytics.unique_stg__orders_order_id.fc4ea352a1"} */

    
    select
      count(*) as failures,
      count(*) != 0 as should_warn,
      count(*) != 0 as should_error
    from (
      
    
    
    
    

select
    order_id as unique_field,
    count(*) as n_records

from "olist_db"."dev_stg"."stg__orders"
where order_id is not null
group by order_id
having count(*) > 1



    
  
    
    ) dbt_internal_test
[0m10:32:51.265628 [debug] [Thread-1 (]: Opening a new connection, currently in state closed
[0m10:32:51.278455 [debug] [Thread-3 (]: SQL status: SELECT 1 in 0.033 seconds
[0m10:32:51.280456 [debug] [Thread-3 (]: On test.olist_analytics.not_null_stg__orders_order_id.4c0de21e40: ROLLBACK
[0m10:32:51.281456 [debug] [Thread-3 (]: On test.olist_analytics.not_null_stg__orders_order_id.4c0de21e40: Close
[0m10:32:51.282455 [info ] [Thread-3 (]: 18 of 23 PASS not_null_stg__orders_order_id .................................... [[32mPASS[0m in 0.07s]
[0m10:32:51.284459 [debug] [Thread-3 (]: Finished running node test.olist_analytics.not_null_stg__orders_order_id.4c0de21e40
[0m10:32:51.284459 [debug] [Thread-3 (]: Began running node test.olist_analytics.not_null_stg__sellers_seller_id.074a858786
[0m10:32:51.286570 [info ] [Thread-3 (]: 20 of 23 START test not_null_stg__sellers_seller_id ............................ [RUN]
[0m10:32:51.287899 [debug] [Thread-3 (]: Re-using an available connection from the pool (formerly test.olist_analytics.not_null_stg__orders_order_id.4c0de21e40, now test.olist_analytics.not_null_stg__sellers_seller_id.074a858786)
[0m10:32:51.288580 [debug] [Thread-3 (]: Began compiling node test.olist_analytics.not_null_stg__sellers_seller_id.074a858786
[0m10:32:51.302565 [debug] [Thread-3 (]: Writing injected SQL for node "test.olist_analytics.not_null_stg__sellers_seller_id.074a858786"
[0m10:32:51.304100 [debug] [Thread-3 (]: Began executing node test.olist_analytics.not_null_stg__sellers_seller_id.074a858786
[0m10:32:51.307750 [debug] [Thread-3 (]: Writing runtime sql for node "test.olist_analytics.not_null_stg__sellers_seller_id.074a858786"
[0m10:32:51.310392 [debug] [Thread-3 (]: Using postgres connection "test.olist_analytics.not_null_stg__sellers_seller_id.074a858786"
[0m10:32:51.311390 [debug] [Thread-3 (]: On test.olist_analytics.not_null_stg__sellers_seller_id.074a858786: /* {"app": "dbt", "dbt_version": "1.12.3", "profile_name": "default", "target_name": "dev", "node_id": "test.olist_analytics.not_null_stg__sellers_seller_id.074a858786"} */

    
    select
      count(*) as failures,
      count(*) != 0 as should_warn,
      count(*) != 0 as should_error
    from (
      
    
    
    
    



select seller_id
from "olist_db"."dev_stg"."stg__sellers"
where seller_id is null



    
  
    
    ) dbt_internal_test
[0m10:32:51.312392 [debug] [Thread-3 (]: Opening a new connection, currently in state closed
[0m10:32:51.335606 [debug] [Thread-3 (]: SQL status: SELECT 1 in 0.023 seconds
[0m10:32:51.337677 [debug] [Thread-3 (]: On test.olist_analytics.not_null_stg__sellers_seller_id.074a858786: ROLLBACK
[0m10:32:51.338431 [debug] [Thread-3 (]: On test.olist_analytics.not_null_stg__sellers_seller_id.074a858786: Close
[0m10:32:51.340443 [info ] [Thread-3 (]: 20 of 23 PASS not_null_stg__sellers_seller_id .................................. [[32mPASS[0m in 0.05s]
[0m10:32:51.341968 [debug] [Thread-3 (]: Finished running node test.olist_analytics.not_null_stg__sellers_seller_id.074a858786
[0m10:32:51.342964 [debug] [Thread-3 (]: Began running node test.olist_analytics.unique_stg__sellers_seller_id.1e789b1ae5
[0m10:32:51.343960 [info ] [Thread-3 (]: 21 of 23 START test unique_stg__sellers_seller_id .............................. [RUN]
[0m10:32:51.344961 [debug] [Thread-3 (]: Re-using an available connection from the pool (formerly test.olist_analytics.not_null_stg__sellers_seller_id.074a858786, now test.olist_analytics.unique_stg__sellers_seller_id.1e789b1ae5)
[0m10:32:51.345961 [debug] [Thread-3 (]: Began compiling node test.olist_analytics.unique_stg__sellers_seller_id.1e789b1ae5
[0m10:32:51.357930 [debug] [Thread-3 (]: Writing injected SQL for node "test.olist_analytics.unique_stg__sellers_seller_id.1e789b1ae5"
[0m10:32:51.359590 [debug] [Thread-2 (]: SQL status: SELECT 1 in 0.216 seconds
[0m10:32:51.362076 [debug] [Thread-2 (]: On test.olist_analytics.unique_stg__order_reviews_review_id.aa1f864917: ROLLBACK
[0m10:32:51.363086 [debug] [Thread-3 (]: Began executing node test.olist_analytics.unique_stg__sellers_seller_id.1e789b1ae5
[0m10:32:51.364086 [debug] [Thread-2 (]: On test.olist_analytics.unique_stg__order_reviews_review_id.aa1f864917: Close
[0m10:32:51.366732 [debug] [Thread-3 (]: Writing runtime sql for node "test.olist_analytics.unique_stg__sellers_seller_id.1e789b1ae5"
[0m10:32:51.368760 [error] [Thread-2 (]: 15 of 23 FAIL 789 unique_stg__order_reviews_review_id .......................... [[31mFAIL 789[0m in 0.28s]
[0m10:32:51.369753 [debug] [Thread-2 (]: Finished running node test.olist_analytics.unique_stg__order_reviews_review_id.aa1f864917
[0m10:32:51.370750 [debug] [Thread-2 (]: Began running node test.olist_analytics.not_null_stg__products_product_id.f87592efd7
[0m10:32:51.371751 [debug] [Thread-7 (]: Marking all children of 'test.olist_analytics.unique_stg__order_reviews_review_id.aa1f864917' to be skipped because of status 'fail'.  Reason: Got 789 results, configured to fail if != 0.
[0m10:32:51.372751 [debug] [Thread-3 (]: Using postgres connection "test.olist_analytics.unique_stg__sellers_seller_id.1e789b1ae5"
[0m10:32:51.371751 [info ] [Thread-2 (]: 22 of 23 START test not_null_stg__products_product_id .......................... [RUN]
[0m10:32:51.373957 [debug] [Thread-3 (]: On test.olist_analytics.unique_stg__sellers_seller_id.1e789b1ae5: /* {"app": "dbt", "dbt_version": "1.12.3", "profile_name": "default", "target_name": "dev", "node_id": "test.olist_analytics.unique_stg__sellers_seller_id.1e789b1ae5"} */

    
    select
      count(*) as failures,
      count(*) != 0 as should_warn,
      count(*) != 0 as should_error
    from (
      
    
    
    
    

select
    seller_id as unique_field,
    count(*) as n_records

from "olist_db"."dev_stg"."stg__sellers"
where seller_id is not null
group by seller_id
having count(*) > 1



    
  
    
    ) dbt_internal_test
[0m10:32:51.375956 [debug] [Thread-2 (]: Re-using an available connection from the pool (formerly test.olist_analytics.unique_stg__order_reviews_review_id.aa1f864917, now test.olist_analytics.not_null_stg__products_product_id.f87592efd7)
[0m10:32:51.376462 [debug] [Thread-3 (]: Opening a new connection, currently in state closed
[0m10:32:51.376462 [debug] [Thread-2 (]: Began compiling node test.olist_analytics.not_null_stg__products_product_id.f87592efd7
[0m10:32:51.389755 [debug] [Thread-2 (]: Writing injected SQL for node "test.olist_analytics.not_null_stg__products_product_id.f87592efd7"
[0m10:32:51.390750 [debug] [Thread-4 (]: SQL status: SELECT 1 in 0.189 seconds
[0m10:32:51.393756 [debug] [Thread-4 (]: On test.olist_analytics.unique_stg__customers_customer_id.eb1c652d46: ROLLBACK
[0m10:32:51.394749 [debug] [Thread-2 (]: Began executing node test.olist_analytics.not_null_stg__products_product_id.f87592efd7
[0m10:32:51.395748 [debug] [Thread-4 (]: On test.olist_analytics.unique_stg__customers_customer_id.eb1c652d46: Close
[0m10:32:51.401179 [debug] [Thread-2 (]: Writing runtime sql for node "test.olist_analytics.not_null_stg__products_product_id.f87592efd7"
[0m10:32:51.402752 [info ] [Thread-4 (]: 17 of 23 PASS unique_stg__customers_customer_id ................................ [[32mPASS[0m in 0.23s]
[0m10:32:51.403763 [debug] [Thread-3 (]: SQL status: SELECT 1 in 0.028 seconds
[0m10:32:51.404771 [debug] [Thread-4 (]: Finished running node test.olist_analytics.unique_stg__customers_customer_id.eb1c652d46
[0m10:32:51.407806 [debug] [Thread-3 (]: On test.olist_analytics.unique_stg__sellers_seller_id.1e789b1ae5: ROLLBACK
[0m10:32:51.409802 [debug] [Thread-4 (]: Began running node test.olist_analytics.unique_stg__products_product_id.97526b5195
[0m10:32:51.410803 [debug] [Thread-2 (]: Using postgres connection "test.olist_analytics.not_null_stg__products_product_id.f87592efd7"
[0m10:32:51.412799 [debug] [Thread-2 (]: On test.olist_analytics.not_null_stg__products_product_id.f87592efd7: /* {"app": "dbt", "dbt_version": "1.12.3", "profile_name": "default", "target_name": "dev", "node_id": "test.olist_analytics.not_null_stg__products_product_id.f87592efd7"} */

    
    select
      count(*) as failures,
      count(*) != 0 as should_warn,
      count(*) != 0 as should_error
    from (
      
    
    
    
    



select product_id
from "olist_db"."dev_stg"."stg__products"
where product_id is null



    
  
    
    ) dbt_internal_test
[0m10:32:51.413797 [debug] [Thread-3 (]: On test.olist_analytics.unique_stg__sellers_seller_id.1e789b1ae5: Close
[0m10:32:51.411800 [info ] [Thread-4 (]: 23 of 23 START test unique_stg__products_product_id ............................ [RUN]
[0m10:32:51.413797 [debug] [Thread-2 (]: Opening a new connection, currently in state closed
[0m10:32:51.414797 [debug] [Thread-4 (]: Re-using an available connection from the pool (formerly test.olist_analytics.unique_stg__customers_customer_id.eb1c652d46, now test.olist_analytics.unique_stg__products_product_id.97526b5195)
[0m10:32:51.416310 [info ] [Thread-3 (]: 21 of 23 PASS unique_stg__sellers_seller_id .................................... [[32mPASS[0m in 0.07s]
[0m10:32:51.416832 [debug] [Thread-4 (]: Began compiling node test.olist_analytics.unique_stg__products_product_id.97526b5195
[0m10:32:51.418361 [debug] [Thread-3 (]: Finished running node test.olist_analytics.unique_stg__sellers_seller_id.1e789b1ae5
[0m10:32:51.435725 [debug] [Thread-4 (]: Writing injected SQL for node "test.olist_analytics.unique_stg__products_product_id.97526b5195"
[0m10:32:51.438628 [debug] [Thread-4 (]: Began executing node test.olist_analytics.unique_stg__products_product_id.97526b5195
[0m10:32:51.441149 [debug] [Thread-4 (]: Writing runtime sql for node "test.olist_analytics.unique_stg__products_product_id.97526b5195"
[0m10:32:51.442161 [debug] [Thread-2 (]: SQL status: SELECT 1 in 0.028 seconds
[0m10:32:51.445688 [debug] [Thread-2 (]: On test.olist_analytics.not_null_stg__products_product_id.f87592efd7: ROLLBACK
[0m10:32:51.446715 [debug] [Thread-4 (]: Using postgres connection "test.olist_analytics.unique_stg__products_product_id.97526b5195"
[0m10:32:51.447953 [debug] [Thread-2 (]: On test.olist_analytics.not_null_stg__products_product_id.f87592efd7: Close
[0m10:32:51.448952 [debug] [Thread-4 (]: On test.olist_analytics.unique_stg__products_product_id.97526b5195: /* {"app": "dbt", "dbt_version": "1.12.3", "profile_name": "default", "target_name": "dev", "node_id": "test.olist_analytics.unique_stg__products_product_id.97526b5195"} */

    
    select
      count(*) as failures,
      count(*) != 0 as should_warn,
      count(*) != 0 as should_error
    from (
      
    
    
    
    

select
    product_id as unique_field,
    count(*) as n_records

from "olist_db"."dev_stg"."stg__products"
where product_id is not null
group by product_id
having count(*) > 1



    
  
    
    ) dbt_internal_test
[0m10:32:51.448952 [debug] [Thread-4 (]: Opening a new connection, currently in state closed
[0m10:32:51.449954 [debug] [Thread-1 (]: SQL status: SELECT 1 in 0.184 seconds
[0m10:32:51.450957 [info ] [Thread-2 (]: 22 of 23 PASS not_null_stg__products_product_id ................................ [[32mPASS[0m in 0.08s]
[0m10:32:51.452951 [debug] [Thread-1 (]: On test.olist_analytics.unique_stg__orders_order_id.fc4ea352a1: ROLLBACK
[0m10:32:51.453953 [debug] [Thread-2 (]: Finished running node test.olist_analytics.not_null_stg__products_product_id.f87592efd7
[0m10:32:51.454955 [debug] [Thread-1 (]: On test.olist_analytics.unique_stg__orders_order_id.fc4ea352a1: Close
[0m10:32:51.456664 [info ] [Thread-1 (]: 19 of 23 PASS unique_stg__orders_order_id ...................................... [[32mPASS[0m in 0.21s]
[0m10:32:51.458435 [debug] [Thread-1 (]: Finished running node test.olist_analytics.unique_stg__orders_order_id.fc4ea352a1
[0m10:32:51.504939 [debug] [Thread-4 (]: SQL status: SELECT 1 in 0.055 seconds
[0m10:32:51.506449 [debug] [Thread-4 (]: On test.olist_analytics.unique_stg__products_product_id.97526b5195: ROLLBACK
[0m10:32:51.507466 [debug] [Thread-4 (]: On test.olist_analytics.unique_stg__products_product_id.97526b5195: Close
[0m10:32:51.508133 [info ] [Thread-4 (]: 23 of 23 PASS unique_stg__products_product_id .................................. [[32mPASS[0m in 0.09s]
[0m10:32:51.509144 [debug] [Thread-4 (]: Finished running node test.olist_analytics.unique_stg__products_product_id.97526b5195
[0m10:32:51.511146 [debug] [MainThread]: On master: COMMIT
[0m10:32:51.511146 [debug] [MainThread]: Using postgres connection "master"
[0m10:32:51.512146 [debug] [MainThread]: On master: COMMIT
[0m10:32:51.512146 [debug] [MainThread]: Opening a new connection, currently in state closed
[0m10:32:51.545736 [debug] [MainThread]: SQL status: COMMIT in 0.033 seconds
[0m10:32:51.545736 [debug] [MainThread]: On master: Close
[0m10:32:51.546748 [debug] [MainThread]: Connection 'master' was properly closed.
[0m10:32:51.547914 [debug] [MainThread]: Connection 'create_olist_db_dev_stg' was properly closed.
[0m10:32:51.548482 [debug] [MainThread]: Connection 'list_olist_db_dev_stg' was properly closed.
[0m10:32:51.548482 [debug] [MainThread]: Connection 'list_olist_db_dev_marts' was properly closed.
[0m10:32:51.548482 [debug] [MainThread]: Connection 'test.olist_analytics.unique_stg__orders_order_id.fc4ea352a1' was properly closed.
[0m10:32:51.549492 [debug] [MainThread]: Connection 'test.olist_analytics.not_null_stg__products_product_id.f87592efd7' was properly closed.
[0m10:32:51.549492 [debug] [MainThread]: Connection 'test.olist_analytics.unique_stg__sellers_seller_id.1e789b1ae5' was properly closed.
[0m10:32:51.550492 [debug] [MainThread]: Connection 'test.olist_analytics.unique_stg__products_product_id.97526b5195' was properly closed.
[0m10:32:51.550492 [info ] [MainThread]: 
[0m10:32:51.551492 [info ] [MainThread]: Finished running 15 data tests, 8 view models in 0 hours 0 minutes and 1.53 seconds (1.53s).
[0m10:32:51.556570 [debug] [MainThread]: Command end result
[0m10:32:51.604246 [debug] [MainThread]: Wrote artifact WritableManifest to C:\analytics_platform\astro\dbt\target\manifest.json
[0m10:32:51.609105 [debug] [MainThread]: Wrote artifact SemanticManifest to C:\analytics_platform\astro\dbt\target\semantic_manifest.json
[0m10:32:51.612098 [debug] [MainThread]: Wrote artifact OsiDocument to C:\analytics_platform\astro\dbt\target\osi_document.json
[0m10:32:51.620491 [debug] [MainThread]: Wrote artifact RunExecutionResult to C:\analytics_platform\astro\dbt\target\run_results.json
[0m10:32:51.620491 [info ] [MainThread]: 
[0m10:32:51.621492 [info ] [MainThread]: [31mCompleted with 2 errors, 0 partial successes, and 0 warnings:[0m
[0m10:32:51.621492 [info ] [MainThread]: 
[0m10:32:51.622496 [error] [MainThread]: [[31mERROR[0m]: in model stg__geolocations (models\stg\stg__geolocations.sql)
[0m10:32:51.622496 [error] [MainThread]:   Database Error in model stg__geolocations (models\stg\stg__geolocations.sql)
  relation "raw.geolocation" does not exist
  LINE 8:     select * from "olist_db"."raw"."geolocation"
                            ^
  compiled code at target\run\olist_analytics\models\stg\stg__geolocations.sql
[0m10:32:51.623505 [info ] [MainThread]: 
[0m10:32:51.623505 [info ] [MainThread]:   compiled code at target\compiled\olist_analytics\models\stg\stg__geolocations.sql
[0m10:32:51.624490 [info ] [MainThread]: 
[0m10:32:51.624490 [error] [MainThread]: [[31mERROR[0m]: in test unique_stg__order_reviews_review_id (models\stg\_schema.yml)
[0m10:32:51.624490 [error] [MainThread]:   Got 789 results, configured to fail if != 0
[0m10:32:51.625996 [info ] [MainThread]: 
[0m10:32:51.626543 [info ] [MainThread]:   compiled code at target\compiled\olist_analytics\models\stg\_schema.yml\unique_stg__order_reviews_review_id.sql
[0m10:32:51.626543 [info ] [MainThread]: 
[0m10:32:51.627560 [info ] [MainThread]: Done. PASS=19 WARN=0 ERROR=2 SKIP=2 NO-OP=0 REUSED=0 TOTAL=23
[0m10:32:51.629206 [debug] [MainThread]: Command `dbt build` failed at 10:32:51.628191 after 4.94 seconds
[0m10:32:51.629206 [debug] [MainThread]: Sending event: {'category': 'dbt', 'action': 'invocation', 'label': 'end', 'context': [<snowplow_tracker.self_describing_json.SelfDescribingJson object at 0x000001F9CBEABE60>, <snowplow_tracker.self_describing_json.SelfDescribingJson object at 0x000001F9CA76A9C0>, <snowplow_tracker.self_describing_json.SelfDescribingJson object at 0x000001F9CC414740>]}
[0m10:32:51.630206 [debug] [MainThread]: Flushing usage events
[0m10:32:52.388821 [debug] [MainThread]: An error was encountered while trying to flush usage events
[0m10:34:55.567837 [debug] [MainThread]: Sending event: {'category': 'dbt', 'action': 'invocation', 'label': 'start', 'context': [<snowplow_tracker.self_describing_json.SelfDescribingJson object at 0x0000025BDA0BABA0>, <snowplow_tracker.self_describing_json.SelfDescribingJson object at 0x0000025BDEB294C0>, <snowplow_tracker.self_describing_json.SelfDescribingJson object at 0x0000025BDEADB8F0>]}


============================== 10:34:55.571854 | 3f08499d-76e0-415c-81f8-d043440718de ==============================
[0m10:34:55.571854 [info ] [MainThread]: Running with dbt=1.12.3
[0m10:34:55.571854 [debug] [MainThread]: running dbt with arguments {'static_parser': 'True', 'no_print': 'None', 'version_check': 'True', 'target_path': 'None', 'warn_error_options': 'WarnErrorOptionsV2(error=[], warn=[], silence=[])', 'maximum_seed_size_mib': '1', 'printer_width': '80', 'write_json': 'True', 'introspect': 'True', 'log_cache_events': 'False', 'empty': 'False', 'cache_selected_only': 'False', 'log_format': 'default', 'debug': 'False', 'fail_fast': 'False', 'partial_parse': 'True', 'send_anonymous_usage_stats': 'True', 'quiet': 'False', 'warn_error': 'None', 'profiles_dir': 'C:\\analytics_platform\\astro\\dbt', 'use_colors': 'True', 'hints_enabled': 'True', 'indirect_selection': 'eager', 'use_experimental_parser': 'False', 'invocation_command': 'dbt build -s stg -t dev', 'log_path': 'C:\\analytics_platform\\astro\\dbt\\logs'}
[0m10:34:55.852583 [debug] [MainThread]: Sending event: {'category': 'dbt', 'action': 'project_id', 'label': '3f08499d-76e0-415c-81f8-d043440718de', 'context': [<snowplow_tracker.self_describing_json.SelfDescribingJson object at 0x0000025BDC987AA0>]}
[0m10:34:55.934042 [debug] [MainThread]: Sending event: {'category': 'dbt', 'action': 'adapter_info', 'label': '3f08499d-76e0-415c-81f8-d043440718de', 'context': [<snowplow_tracker.self_describing_json.SelfDescribingJson object at 0x0000025BDCE9CA40>]}
[0m10:34:55.935536 [info ] [MainThread]: Registered adapter: postgres=1.11.0
[0m10:34:56.121788 [debug] [MainThread]: checksum: d60959d112beb8b2f36fb64f349f29ec37a8a8d5f0e40e1fe22d043f48b78f52, vars: {}, profile: default, target: dev, version: 1.12.3
[0m10:34:56.283078 [debug] [MainThread]: Partial parsing enabled: 0 files deleted, 0 files added, 3 files changed.
[0m10:34:56.284079 [debug] [MainThread]: Partial parsing: updated file: olist_analytics://models\stg\_sources.yml
[0m10:34:56.285080 [debug] [MainThread]: Partial parsing: updated file: olist_analytics://models\stg\_schema.yml
[0m10:34:56.285080 [debug] [MainThread]: Partial parsing: updated file: olist_analytics://models\stg\stg__geolocations.sql
[0m10:34:57.235906 [debug] [MainThread]: Sending event: {'category': 'dbt', 'action': 'load_project', 'label': '3f08499d-76e0-415c-81f8-d043440718de', 'context': [<snowplow_tracker.self_describing_json.SelfDescribingJson object at 0x0000025BE0903740>]}
[0m10:34:57.353038 [debug] [MainThread]: Wrote artifact WritableManifest to C:\analytics_platform\astro\dbt\target\manifest.json
[0m10:34:57.358133 [debug] [MainThread]: Wrote artifact SemanticManifest to C:\analytics_platform\astro\dbt\target\semantic_manifest.json
[0m10:34:57.385674 [debug] [MainThread]: Wrote artifact OsiDocument to C:\analytics_platform\astro\dbt\target\osi_document.json
[0m10:34:57.414541 [debug] [MainThread]: Sending event: {'category': 'dbt', 'action': 'resource_counts', 'label': '3f08499d-76e0-415c-81f8-d043440718de', 'context': [<snowplow_tracker.self_describing_json.SelfDescribingJson object at 0x0000025BE0C69490>]}
[0m10:34:57.414541 [info ] [MainThread]: Found 16 models, 26 data tests, 8 sources, 477 macros
[0m10:34:57.417822 [info ] [MainThread]: 
[0m10:34:57.418599 [info ] [MainThread]: Concurrency: 4 threads (target='dev')
[0m10:34:57.419613 [info ] [MainThread]: 
[0m10:34:57.419613 [debug] [MainThread]: Acquiring new postgres connection 'master'
[0m10:34:57.424607 [debug] [ThreadPool]: Acquiring new postgres connection 'list_olist_db'
[0m10:34:57.503090 [debug] [ThreadPool]: Using postgres connection "list_olist_db"
[0m10:34:57.504089 [debug] [ThreadPool]: On list_olist_db: /* {"app": "dbt", "dbt_version": "1.12.3", "profile_name": "default", "target_name": "dev", "connection_name": "list_olist_db"} */

    select distinct nspname from pg_namespace
  
[0m10:34:57.504089 [debug] [ThreadPool]: Opening a new connection, currently in state init
[0m10:34:57.525872 [debug] [ThreadPool]: SQL status: SELECT 6 in 0.022 seconds
[0m10:34:57.526973 [debug] [ThreadPool]: On list_olist_db: Close
[0m10:34:57.530118 [debug] [ThreadPool]: Acquiring new postgres connection 'list_olist_db_dev_marts'
[0m10:34:57.535756 [debug] [ThreadPool]: Using postgres connection "list_olist_db_dev_marts"
[0m10:34:57.536768 [debug] [ThreadPool]: On list_olist_db_dev_marts: /* {"app": "dbt", "dbt_version": "1.12.3", "profile_name": "default", "target_name": "dev", "connection_name": "list_olist_db_dev_marts"} */
select
      'olist_db' as database,
      tablename as name,
      schemaname as schema,
      'table' as type
    from pg_tables
    where schemaname ilike 'dev_marts'
    union all
    select
      'olist_db' as database,
      viewname as name,
      schemaname as schema,
      'view' as type
    from pg_views
    where schemaname ilike 'dev_marts'
    union all
    select
      'olist_db' as database,
      matviewname as name,
      schemaname as schema,
      'materialized_view' as type
    from pg_matviews
    where schemaname ilike 'dev_marts'
    union all
    select distinct
     'olist_db' as database,
     proname as name,
     ns.nspname as schema,
     'function' as type
    from pg_proc
     join pg_namespace as ns on pronamespace = ns.oid
    where ns.nspname ilike 'dev_marts'
  
[0m10:34:57.536768 [debug] [ThreadPool]: Opening a new connection, currently in state init
[0m10:34:57.537281 [debug] [ThreadPool]: Acquiring new postgres connection 'list_olist_db_dev_stg'
[0m10:34:57.539279 [debug] [ThreadPool]: Using postgres connection "list_olist_db_dev_stg"
[0m10:34:57.539279 [debug] [ThreadPool]: On list_olist_db_dev_stg: /* {"app": "dbt", "dbt_version": "1.12.3", "profile_name": "default", "target_name": "dev", "connection_name": "list_olist_db_dev_stg"} */
select
      'olist_db' as database,
      tablename as name,
      schemaname as schema,
      'table' as type
    from pg_tables
    where schemaname ilike 'dev_stg'
    union all
    select
      'olist_db' as database,
      viewname as name,
      schemaname as schema,
      'view' as type
    from pg_views
    where schemaname ilike 'dev_stg'
    union all
    select
      'olist_db' as database,
      matviewname as name,
      schemaname as schema,
      'materialized_view' as type
    from pg_matviews
    where schemaname ilike 'dev_stg'
    union all
    select distinct
     'olist_db' as database,
     proname as name,
     ns.nspname as schema,
     'function' as type
    from pg_proc
     join pg_namespace as ns on pronamespace = ns.oid
    where ns.nspname ilike 'dev_stg'
  
[0m10:34:57.540277 [debug] [ThreadPool]: Opening a new connection, currently in state init
[0m10:34:57.558561 [debug] [ThreadPool]: SQL status: SELECT 0 in 0.021 seconds
[0m10:34:57.559570 [debug] [ThreadPool]: On list_olist_db_dev_marts: ROLLBACK
[0m10:34:57.560567 [debug] [ThreadPool]: On list_olist_db_dev_marts: Close
[0m10:34:57.561565 [debug] [ThreadPool]: SQL status: SELECT 7 in 0.021 seconds
[0m10:34:57.563569 [debug] [ThreadPool]: On list_olist_db_dev_stg: ROLLBACK
[0m10:34:57.564568 [debug] [ThreadPool]: On list_olist_db_dev_stg: Close
[0m10:34:57.570724 [debug] [MainThread]: Using postgres connection "master"
[0m10:34:57.571723 [debug] [MainThread]: On master: /* {"app": "dbt", "dbt_version": "1.12.3", "profile_name": "default", "target_name": "dev", "connection_name": "master"} */
select distinct
        dependent_namespace.nspname as dependent_schema,
        dependent_class.relname as dependent_name,
        referenced_namespace.nspname as referenced_schema,
        referenced_class.relname as referenced_name

    -- Query for views: views are entries in pg_class with an entry in pg_rewrite, but we avoid
    -- a seq scan on pg_rewrite by leveraging the fact there is an "internal" row in pg_depend for
    -- the view...
    from pg_class as dependent_class
    join pg_namespace as dependent_namespace on dependent_namespace.oid = dependent_class.relnamespace
    join pg_depend as dependent_depend on dependent_depend.refobjid = dependent_class.oid
        and dependent_depend.classid = 'pg_rewrite'::regclass
        and dependent_depend.refclassid = 'pg_class'::regclass
        and dependent_depend.deptype = 'i'

    -- ... and via pg_depend (that has a row per column, hence the need for "distinct" above, and
    -- making sure to exclude the internal row to avoid a view appearing to depend on itself)...
    join pg_depend as joining_depend on joining_depend.objid = dependent_depend.objid
        and joining_depend.classid = 'pg_rewrite'::regclass
        and joining_depend.refclassid = 'pg_class'::regclass
        and joining_depend.refobjid != dependent_depend.refobjid

    -- ... we can find the tables they query from in pg_class, but excluding system tables. Note we
    -- don't need need to exclude _dependent_ system tables, because they only query from other
    -- system tables, and so are automatically excluded by excluding _referenced_ system tables
    join pg_class as referenced_class on referenced_class.oid = joining_depend.refobjid
    join pg_namespace as referenced_namespace on referenced_namespace.oid = referenced_class.relnamespace
        and referenced_namespace.nspname != 'information_schema'
        and referenced_namespace.nspname not like 'pg\_%'

    order by
        dependent_schema, dependent_name, referenced_schema, referenced_name;
[0m10:34:57.571723 [debug] [MainThread]: Opening a new connection, currently in state init
[0m10:34:57.608620 [debug] [MainThread]: SQL status: SELECT 7 in 0.037 seconds
[0m10:34:57.609711 [debug] [MainThread]: Sending event: {'category': 'dbt', 'action': 'runnable_timing', 'label': '3f08499d-76e0-415c-81f8-d043440718de', 'context': [<snowplow_tracker.self_describing_json.SelfDescribingJson object at 0x0000025BE0A912E0>]}
[0m10:34:57.610626 [debug] [MainThread]: On master: ROLLBACK
[0m10:34:57.610626 [debug] [MainThread]: On master: COMMIT
[0m10:34:57.610626 [debug] [MainThread]: Using postgres connection "master"
[0m10:34:57.612225 [debug] [MainThread]: On master: COMMIT
[0m10:34:57.612795 [debug] [MainThread]: SQL status: COMMIT in 0.001 seconds
[0m10:34:57.613801 [debug] [MainThread]: On master: Close
[0m10:34:57.617300 [debug] [Thread-1 (]: Began running node model.olist_analytics.stg__customers
[0m10:34:57.618381 [debug] [Thread-2 (]: Began running node model.olist_analytics.stg__geolocations
[0m10:34:57.618381 [info ] [Thread-1 (]: 1 of 22 START sql view model dev_stg.stg__customers ............................ [RUN]
[0m10:34:57.619386 [debug] [Thread-3 (]: Began running node model.olist_analytics.stg__order_items
[0m10:34:57.620306 [debug] [Thread-4 (]: Began running node model.olist_analytics.stg__order_payments
[0m10:34:57.619386 [info ] [Thread-2 (]: 2 of 22 START sql view model dev_stg.stg__geolocations ......................... [RUN]
[0m10:34:57.620306 [debug] [Thread-1 (]: Acquiring new postgres connection 'model.olist_analytics.stg__customers'
[0m10:34:57.621332 [info ] [Thread-3 (]: 3 of 22 START sql view model dev_stg.stg__order_items .......................... [RUN]
[0m10:34:57.622305 [debug] [Thread-2 (]: Acquiring new postgres connection 'model.olist_analytics.stg__geolocations'
[0m10:34:57.621332 [info ] [Thread-4 (]: 4 of 22 START sql view model dev_stg.stg__order_payments ....................... [RUN]
[0m10:34:57.622305 [debug] [Thread-1 (]: Began compiling node model.olist_analytics.stg__customers
[0m10:34:57.623325 [debug] [Thread-3 (]: Acquiring new postgres connection 'model.olist_analytics.stg__order_items'
[0m10:34:57.623325 [debug] [Thread-2 (]: Began compiling node model.olist_analytics.stg__geolocations
[0m10:34:57.623325 [debug] [Thread-4 (]: Acquiring new postgres connection 'model.olist_analytics.stg__order_payments'
[0m10:34:57.629320 [debug] [Thread-1 (]: Writing injected SQL for node "model.olist_analytics.stg__customers"
[0m10:34:57.630330 [debug] [Thread-3 (]: Began compiling node model.olist_analytics.stg__order_items
[0m10:34:57.632424 [debug] [Thread-2 (]: Writing injected SQL for node "model.olist_analytics.stg__geolocations"
[0m10:34:57.633328 [debug] [Thread-4 (]: Began compiling node model.olist_analytics.stg__order_payments
[0m10:34:57.637520 [debug] [Thread-3 (]: Writing injected SQL for node "model.olist_analytics.stg__order_items"
[0m10:34:57.639519 [debug] [Thread-4 (]: Writing injected SQL for node "model.olist_analytics.stg__order_payments"
[0m10:34:57.640539 [debug] [Thread-1 (]: Began executing node model.olist_analytics.stg__customers
[0m10:34:57.676680 [debug] [Thread-1 (]: Writing runtime sql for node "model.olist_analytics.stg__customers"
[0m10:34:57.677774 [debug] [Thread-2 (]: Began executing node model.olist_analytics.stg__geolocations
[0m10:34:57.681687 [debug] [Thread-2 (]: Writing runtime sql for node "model.olist_analytics.stg__geolocations"
[0m10:34:57.682770 [debug] [Thread-3 (]: Began executing node model.olist_analytics.stg__order_items
[0m10:34:57.685691 [debug] [Thread-3 (]: Writing runtime sql for node "model.olist_analytics.stg__order_items"
[0m10:34:57.686953 [debug] [Thread-4 (]: Began executing node model.olist_analytics.stg__order_payments
[0m10:34:57.687964 [debug] [Thread-2 (]: Using postgres connection "model.olist_analytics.stg__geolocations"
[0m10:34:57.688675 [debug] [Thread-1 (]: Using postgres connection "model.olist_analytics.stg__customers"
[0m10:34:57.692684 [debug] [Thread-4 (]: Writing runtime sql for node "model.olist_analytics.stg__order_payments"
[0m10:34:57.693682 [debug] [Thread-2 (]: On model.olist_analytics.stg__geolocations: /* {"app": "dbt", "dbt_version": "1.12.3", "profile_name": "default", "target_name": "dev", "node_id": "model.olist_analytics.stg__geolocations"} */

  create view "olist_db"."dev_stg"."stg__geolocations__dbt_tmp"
    
    
  as (
    with source as (
    select * from "olist_db"."raw"."geolocations"
),

final as (
    select
        geolocation_zip_code_prefix as zip_code_prefix,
        geolocation_state as uf,
        geolocation_lat as latitude,
        geolocation_lng as longitude,
        upper(geolocation_city) as cidade
    from source
)

select * from final
  );
[0m10:34:57.693682 [debug] [Thread-1 (]: On model.olist_analytics.stg__customers: /* {"app": "dbt", "dbt_version": "1.12.3", "profile_name": "default", "target_name": "dev", "node_id": "model.olist_analytics.stg__customers"} */

  create view "olist_db"."dev_stg"."stg__customers__dbt_tmp"
    
    
  as (
    with source as (
    select * from "olist_db"."raw"."customers"
),

final as (
    select
        customer_id,
        customer_unique_id,
        customer_zip_code_prefix as zip_code_prefix
    from source
)

select * from final
  );
[0m10:34:57.694688 [debug] [Thread-2 (]: Opening a new connection, currently in state init
[0m10:34:57.694688 [debug] [Thread-3 (]: Using postgres connection "model.olist_analytics.stg__order_items"
[0m10:34:57.695683 [debug] [Thread-1 (]: Opening a new connection, currently in state init
[0m10:34:57.696699 [debug] [Thread-3 (]: On model.olist_analytics.stg__order_items: /* {"app": "dbt", "dbt_version": "1.12.3", "profile_name": "default", "target_name": "dev", "node_id": "model.olist_analytics.stg__order_items"} */

  create view "olist_db"."dev_stg"."stg__order_items__dbt_tmp"
    
    
  as (
    with source as (
    select * from "olist_db"."raw"."order_items"
),

final as (
    select
        order_id,
        product_id,
        seller_id,
        order_item_id as order_item,
        price,
        freight_value
    from source
)

select * from final
  );
[0m10:34:57.697708 [debug] [Thread-4 (]: Using postgres connection "model.olist_analytics.stg__order_payments"
[0m10:34:57.698714 [debug] [Thread-3 (]: Opening a new connection, currently in state init
[0m10:34:57.699711 [debug] [Thread-4 (]: On model.olist_analytics.stg__order_payments: /* {"app": "dbt", "dbt_version": "1.12.3", "profile_name": "default", "target_name": "dev", "node_id": "model.olist_analytics.stg__order_payments"} */

  create view "olist_db"."dev_stg"."stg__order_payments__dbt_tmp"
    
    
  as (
    with source as (
    select * from "olist_db"."raw"."order_payments"
),

final as (
    select
        order_id,
        payment_installments,
        payment_sequential,
        payment_value,
        replace(upper(coalesce(payment_type, 'NOT DEFINED')), '_', ' ') as payment_type
    from source
)

select * from final
  );
[0m10:34:57.700707 [debug] [Thread-4 (]: Opening a new connection, currently in state init
[0m10:34:57.720336 [debug] [Thread-2 (]: SQL status: CREATE VIEW in 0.025 seconds
[0m10:34:57.726604 [debug] [Thread-2 (]: Using postgres connection "model.olist_analytics.stg__geolocations"
[0m10:34:57.726604 [debug] [Thread-2 (]: On model.olist_analytics.stg__geolocations: /* {"app": "dbt", "dbt_version": "1.12.3", "profile_name": "default", "target_name": "dev", "node_id": "model.olist_analytics.stg__geolocations"} */
alter table "olist_db"."dev_stg"."stg__geolocations__dbt_tmp" rename to "stg__geolocations"
[0m10:34:57.727612 [debug] [Thread-1 (]: SQL status: CREATE VIEW in 0.032 seconds
[0m10:34:57.727612 [debug] [Thread-3 (]: SQL status: CREATE VIEW in 0.030 seconds
[0m10:34:57.730610 [debug] [Thread-1 (]: Using postgres connection "model.olist_analytics.stg__customers"
[0m10:34:57.730610 [debug] [Thread-4 (]: SQL status: CREATE VIEW in 0.030 seconds
[0m10:34:57.731689 [debug] [Thread-2 (]: SQL status: ALTER TABLE in 0.004 seconds
[0m10:34:57.733281 [debug] [Thread-3 (]: Using postgres connection "model.olist_analytics.stg__order_items"
[0m10:34:57.734368 [debug] [Thread-1 (]: On model.olist_analytics.stg__customers: /* {"app": "dbt", "dbt_version": "1.12.3", "profile_name": "default", "target_name": "dev", "node_id": "model.olist_analytics.stg__customers"} */
alter table "olist_db"."dev_stg"."stg__customers" rename to "stg__customers__dbt_backup"
[0m10:34:57.735955 [debug] [Thread-4 (]: Using postgres connection "model.olist_analytics.stg__order_payments"
[0m10:34:57.752656 [debug] [Thread-2 (]: On model.olist_analytics.stg__geolocations: COMMIT
[0m10:34:57.752656 [debug] [Thread-3 (]: On model.olist_analytics.stg__order_items: /* {"app": "dbt", "dbt_version": "1.12.3", "profile_name": "default", "target_name": "dev", "node_id": "model.olist_analytics.stg__order_items"} */
alter table "olist_db"."dev_stg"."stg__order_items" rename to "stg__order_items__dbt_backup"
[0m10:34:57.753640 [debug] [Thread-4 (]: On model.olist_analytics.stg__order_payments: /* {"app": "dbt", "dbt_version": "1.12.3", "profile_name": "default", "target_name": "dev", "node_id": "model.olist_analytics.stg__order_payments"} */
alter table "olist_db"."dev_stg"."stg__order_payments" rename to "stg__order_payments__dbt_backup"
[0m10:34:57.753640 [debug] [Thread-2 (]: Using postgres connection "model.olist_analytics.stg__geolocations"
[0m10:34:57.754558 [debug] [Thread-1 (]: SQL status: ALTER TABLE in 0.001 seconds
[0m10:34:57.754558 [debug] [Thread-2 (]: On model.olist_analytics.stg__geolocations: COMMIT
[0m10:34:57.754558 [debug] [Thread-3 (]: SQL status: ALTER TABLE in 0.001 seconds
[0m10:34:57.758220 [debug] [Thread-1 (]: Using postgres connection "model.olist_analytics.stg__customers"
[0m10:34:57.758220 [debug] [Thread-4 (]: SQL status: ALTER TABLE in 0.004 seconds
[0m10:34:57.760232 [debug] [Thread-3 (]: Using postgres connection "model.olist_analytics.stg__order_items"
[0m10:34:57.761226 [debug] [Thread-1 (]: On model.olist_analytics.stg__customers: /* {"app": "dbt", "dbt_version": "1.12.3", "profile_name": "default", "target_name": "dev", "node_id": "model.olist_analytics.stg__customers"} */
alter table "olist_db"."dev_stg"."stg__customers__dbt_tmp" rename to "stg__customers"
[0m10:34:57.761226 [debug] [Thread-2 (]: SQL status: COMMIT in 0.003 seconds
[0m10:34:57.763301 [debug] [Thread-4 (]: Using postgres connection "model.olist_analytics.stg__order_payments"
[0m10:34:57.763301 [debug] [Thread-3 (]: On model.olist_analytics.stg__order_items: /* {"app": "dbt", "dbt_version": "1.12.3", "profile_name": "default", "target_name": "dev", "node_id": "model.olist_analytics.stg__order_items"} */
alter table "olist_db"."dev_stg"."stg__order_items__dbt_tmp" rename to "stg__order_items"
[0m10:34:57.768600 [debug] [Thread-2 (]: Applying DROP to: "olist_db"."dev_stg"."stg__geolocations__dbt_backup"
[0m10:34:57.769601 [debug] [Thread-1 (]: SQL status: ALTER TABLE in 0.005 seconds
[0m10:34:57.769601 [debug] [Thread-4 (]: On model.olist_analytics.stg__order_payments: /* {"app": "dbt", "dbt_version": "1.12.3", "profile_name": "default", "target_name": "dev", "node_id": "model.olist_analytics.stg__order_payments"} */
alter table "olist_db"."dev_stg"."stg__order_payments__dbt_tmp" rename to "stg__order_payments"
[0m10:34:57.774608 [debug] [Thread-2 (]: Using postgres connection "model.olist_analytics.stg__geolocations"
[0m10:34:57.777828 [debug] [Thread-1 (]: On model.olist_analytics.stg__customers: COMMIT
[0m10:34:57.778589 [debug] [Thread-3 (]: SQL status: ALTER TABLE in 0.008 seconds
[0m10:34:57.778589 [debug] [Thread-2 (]: On model.olist_analytics.stg__geolocations: /* {"app": "dbt", "dbt_version": "1.12.3", "profile_name": "default", "target_name": "dev", "node_id": "model.olist_analytics.stg__geolocations"} */
drop view if exists "olist_db"."dev_stg"."stg__geolocations__dbt_backup" cascade
[0m10:34:57.779596 [debug] [Thread-4 (]: SQL status: ALTER TABLE in 0.001 seconds
[0m10:34:57.779596 [debug] [Thread-1 (]: Using postgres connection "model.olist_analytics.stg__customers"
[0m10:34:57.781696 [debug] [Thread-3 (]: On model.olist_analytics.stg__order_items: COMMIT
[0m10:34:57.782622 [debug] [Thread-4 (]: On model.olist_analytics.stg__order_payments: COMMIT
[0m10:34:57.783698 [debug] [Thread-2 (]: SQL status: DROP VIEW in 0.002 seconds
[0m10:34:57.783698 [debug] [Thread-1 (]: On model.olist_analytics.stg__customers: COMMIT
[0m10:34:57.784595 [debug] [Thread-3 (]: Using postgres connection "model.olist_analytics.stg__order_items"
[0m10:34:57.784595 [debug] [Thread-4 (]: Using postgres connection "model.olist_analytics.stg__order_payments"
[0m10:34:57.786850 [debug] [Thread-2 (]: On model.olist_analytics.stg__geolocations: Close
[0m10:34:57.786850 [debug] [Thread-3 (]: On model.olist_analytics.stg__order_items: COMMIT
[0m10:34:57.787865 [debug] [Thread-4 (]: On model.olist_analytics.stg__order_payments: COMMIT
[0m10:34:57.789859 [debug] [Thread-1 (]: SQL status: COMMIT in 0.003 seconds
[0m10:34:57.792860 [debug] [Thread-1 (]: Applying DROP to: "olist_db"."dev_stg"."stg__customers__dbt_backup"
[0m10:34:57.793856 [debug] [Thread-1 (]: Using postgres connection "model.olist_analytics.stg__customers"
[0m10:34:57.794856 [debug] [Thread-1 (]: On model.olist_analytics.stg__customers: /* {"app": "dbt", "dbt_version": "1.12.3", "profile_name": "default", "target_name": "dev", "node_id": "model.olist_analytics.stg__customers"} */
drop view if exists "olist_db"."dev_stg"."stg__customers__dbt_backup" cascade
[0m10:34:57.794856 [debug] [Thread-3 (]: SQL status: COMMIT in 0.005 seconds
[0m10:34:57.795855 [debug] [Thread-4 (]: SQL status: COMMIT in 0.005 seconds
[0m10:34:57.795855 [debug] [Thread-2 (]: Sending event: {'category': 'dbt', 'action': 'run_model', 'label': '3f08499d-76e0-415c-81f8-d043440718de', 'context': [<snowplow_tracker.self_describing_json.SelfDescribingJson object at 0x0000025BE0A93BC0>]}
[0m10:34:57.797333 [debug] [Thread-3 (]: Applying DROP to: "olist_db"."dev_stg"."stg__order_items__dbt_backup"
[0m10:34:57.799957 [debug] [Thread-4 (]: Applying DROP to: "olist_db"."dev_stg"."stg__order_payments__dbt_backup"
[0m10:34:57.800955 [debug] [Thread-1 (]: SQL status: DROP VIEW in 0.005 seconds
[0m10:34:57.801956 [debug] [Thread-3 (]: Using postgres connection "model.olist_analytics.stg__order_items"
[0m10:34:57.800955 [info ] [Thread-2 (]: 2 of 22 OK created sql view model dev_stg.stg__geolocations .................... [[32mCREATE VIEW[0m in 0.17s]
[0m10:34:57.802951 [debug] [Thread-4 (]: Using postgres connection "model.olist_analytics.stg__order_payments"
[0m10:34:57.803950 [debug] [Thread-1 (]: On model.olist_analytics.stg__customers: Close
[0m10:34:57.804951 [debug] [Thread-3 (]: On model.olist_analytics.stg__order_items: /* {"app": "dbt", "dbt_version": "1.12.3", "profile_name": "default", "target_name": "dev", "node_id": "model.olist_analytics.stg__order_items"} */
drop view if exists "olist_db"."dev_stg"."stg__order_items__dbt_backup" cascade
[0m10:34:57.804951 [debug] [Thread-2 (]: Finished running node model.olist_analytics.stg__geolocations
[0m10:34:57.805950 [debug] [Thread-4 (]: On model.olist_analytics.stg__order_payments: /* {"app": "dbt", "dbt_version": "1.12.3", "profile_name": "default", "target_name": "dev", "node_id": "model.olist_analytics.stg__order_payments"} */
drop view if exists "olist_db"."dev_stg"."stg__order_payments__dbt_backup" cascade
[0m10:34:57.806454 [debug] [Thread-2 (]: Began running node model.olist_analytics.stg__order_reviews
[0m10:34:57.806984 [debug] [Thread-1 (]: Sending event: {'category': 'dbt', 'action': 'run_model', 'label': '3f08499d-76e0-415c-81f8-d043440718de', 'context': [<snowplow_tracker.self_describing_json.SelfDescribingJson object at 0x0000025BE0F234A0>]}
[0m10:34:57.808998 [debug] [Thread-3 (]: SQL status: DROP VIEW in 0.003 seconds
[0m10:34:57.807995 [info ] [Thread-2 (]: 5 of 22 START sql view model dev_stg.stg__order_reviews ........................ [RUN]
[0m10:34:57.811001 [debug] [Thread-4 (]: SQL status: DROP VIEW in 0.003 seconds
[0m10:34:57.809992 [info ] [Thread-1 (]: 1 of 22 OK created sql view model dev_stg.stg__customers ....................... [[32mCREATE VIEW[0m in 0.19s]
[0m10:34:57.812508 [debug] [Thread-3 (]: On model.olist_analytics.stg__order_items: Close
[0m10:34:57.813516 [debug] [Thread-2 (]: Re-using an available connection from the pool (formerly model.olist_analytics.stg__geolocations, now model.olist_analytics.stg__order_reviews)
[0m10:34:57.815086 [debug] [Thread-4 (]: On model.olist_analytics.stg__order_payments: Close
[0m10:34:57.817690 [debug] [Thread-1 (]: Finished running node model.olist_analytics.stg__customers
[0m10:34:57.819007 [debug] [Thread-2 (]: Began compiling node model.olist_analytics.stg__order_reviews
[0m10:34:57.819644 [debug] [Thread-3 (]: Sending event: {'category': 'dbt', 'action': 'run_model', 'label': '3f08499d-76e0-415c-81f8-d043440718de', 'context': [<snowplow_tracker.self_describing_json.SelfDescribingJson object at 0x0000025BE0C6B6E0>]}
[0m10:34:57.820648 [debug] [Thread-1 (]: Began running node model.olist_analytics.stg__orders
[0m10:34:57.822690 [debug] [Thread-4 (]: Sending event: {'category': 'dbt', 'action': 'run_model', 'label': '3f08499d-76e0-415c-81f8-d043440718de', 'context': [<snowplow_tracker.self_describing_json.SelfDescribingJson object at 0x0000025BE0A90470>]}
[0m10:34:57.824725 [debug] [Thread-2 (]: Writing injected SQL for node "model.olist_analytics.stg__order_reviews"
[0m10:34:57.825645 [info ] [Thread-3 (]: 3 of 22 OK created sql view model dev_stg.stg__order_items ..................... [[32mCREATE VIEW[0m in 0.20s]
[0m10:34:57.827782 [debug] [Thread-3 (]: Finished running node model.olist_analytics.stg__order_items
[0m10:34:57.827782 [debug] [Thread-3 (]: Began running node model.olist_analytics.stg__products
[0m10:34:57.825645 [info ] [Thread-1 (]: 6 of 22 START sql view model dev_stg.stg__orders ............................... [RUN]
[0m10:34:57.829323 [debug] [Thread-1 (]: Re-using an available connection from the pool (formerly model.olist_analytics.stg__customers, now model.olist_analytics.stg__orders)
[0m10:34:57.830424 [debug] [Thread-1 (]: Began compiling node model.olist_analytics.stg__orders
[0m10:34:57.833989 [debug] [Thread-1 (]: Writing injected SQL for node "model.olist_analytics.stg__orders"
[0m10:34:57.826759 [info ] [Thread-4 (]: 4 of 22 OK created sql view model dev_stg.stg__order_payments .................. [[32mCREATE VIEW[0m in 0.20s]
[0m10:34:57.834986 [debug] [Thread-2 (]: Began executing node model.olist_analytics.stg__order_reviews
[0m10:34:57.827782 [info ] [Thread-3 (]: 7 of 22 START sql view model dev_stg.stg__products ............................. [RUN]
[0m10:34:57.836496 [debug] [Thread-4 (]: Finished running node model.olist_analytics.stg__order_payments
[0m10:34:57.841886 [debug] [Thread-2 (]: Writing runtime sql for node "model.olist_analytics.stg__order_reviews"
[0m10:34:57.841886 [debug] [Thread-3 (]: Re-using an available connection from the pool (formerly model.olist_analytics.stg__order_items, now model.olist_analytics.stg__products)
[0m10:34:57.842883 [debug] [Thread-4 (]: Began running node model.olist_analytics.stg__sellers
[0m10:34:57.842883 [debug] [Thread-1 (]: Began executing node model.olist_analytics.stg__orders
[0m10:34:57.843917 [debug] [Thread-3 (]: Began compiling node model.olist_analytics.stg__products
[0m10:34:57.849430 [debug] [Thread-1 (]: Writing runtime sql for node "model.olist_analytics.stg__orders"
[0m10:34:57.844880 [info ] [Thread-4 (]: 8 of 22 START sql view model dev_stg.stg__sellers .............................. [RUN]
[0m10:34:57.852505 [debug] [Thread-3 (]: Writing injected SQL for node "model.olist_analytics.stg__products"
[0m10:34:57.852505 [debug] [Thread-4 (]: Re-using an available connection from the pool (formerly model.olist_analytics.stg__order_payments, now model.olist_analytics.stg__sellers)
[0m10:34:57.854011 [debug] [Thread-2 (]: Using postgres connection "model.olist_analytics.stg__order_reviews"
[0m10:34:57.855019 [debug] [Thread-4 (]: Began compiling node model.olist_analytics.stg__sellers
[0m10:34:57.855019 [debug] [Thread-2 (]: On model.olist_analytics.stg__order_reviews: /* {"app": "dbt", "dbt_version": "1.12.3", "profile_name": "default", "target_name": "dev", "node_id": "model.olist_analytics.stg__order_reviews"} */

  create view "olist_db"."dev_stg"."stg__order_reviews__dbt_tmp"
    
    
  as (
    with source as (
    select * from "olist_db"."raw"."order_reviews"
),

final as (
    select
        review_id,
        order_id,
        review_comment_title as review_title,
        review_comment_message as review_message,
        review_creation_date as review_dt,
        review_answer_timestamp as review_answer_ts,
        review_score
    from source
)

select * from final
  );
[0m10:34:57.857699 [debug] [Thread-4 (]: Writing injected SQL for node "model.olist_analytics.stg__sellers"
[0m10:34:57.858221 [debug] [Thread-1 (]: Using postgres connection "model.olist_analytics.stg__orders"
[0m10:34:57.858221 [debug] [Thread-2 (]: Opening a new connection, currently in state closed
[0m10:34:57.859228 [debug] [Thread-3 (]: Began executing node model.olist_analytics.stg__products
[0m10:34:57.859228 [debug] [Thread-1 (]: On model.olist_analytics.stg__orders: /* {"app": "dbt", "dbt_version": "1.12.3", "profile_name": "default", "target_name": "dev", "node_id": "model.olist_analytics.stg__orders"} */

  create view "olist_db"."dev_stg"."stg__orders__dbt_tmp"
    
    
  as (
    with source as (
    select * from "olist_db"."raw"."orders"
),

final as (
    select
        order_id,
        customer_id,
        order_purchase_timestamp as order_purchase_ts,
        order_approved_at,
        order_delivered_carrier_date as order_delivered_carrier_dt,
        order_delivered_customer_date as order_delivered_customer_dt,
        order_estimated_delivery_date as order_estimated_delivery_dt,
        upper(order_status) as order_status
    from source
)

select * from final
  );
[0m10:34:57.860306 [debug] [Thread-4 (]: Began executing node model.olist_analytics.stg__sellers
[0m10:34:57.868336 [debug] [Thread-3 (]: Writing runtime sql for node "model.olist_analytics.stg__products"
[0m10:34:57.869335 [debug] [Thread-1 (]: Opening a new connection, currently in state closed
[0m10:34:57.873333 [debug] [Thread-4 (]: Writing runtime sql for node "model.olist_analytics.stg__sellers"
[0m10:34:57.874332 [debug] [Thread-3 (]: Using postgres connection "model.olist_analytics.stg__products"
[0m10:34:57.875840 [debug] [Thread-3 (]: On model.olist_analytics.stg__products: /* {"app": "dbt", "dbt_version": "1.12.3", "profile_name": "default", "target_name": "dev", "node_id": "model.olist_analytics.stg__products"} */

  create view "olist_db"."dev_stg"."stg__products__dbt_tmp"
    
    
  as (
    with source as (
    select * from "olist_db"."raw"."products"
),

final as (
    select
        product_id,
        product_name_lenght,
        product_description_lenght,
        product_photos_qty,
        product_weight_g,
        product_length_cm,
        product_height_cm,
        product_width_cm,
        replace(upper(product_category_name), '_', ' ') as product_category
    from source
)

select * from final
  );
[0m10:34:57.876849 [debug] [Thread-3 (]: Opening a new connection, currently in state closed
[0m10:34:57.878895 [debug] [Thread-4 (]: Using postgres connection "model.olist_analytics.stg__sellers"
[0m10:34:57.879904 [debug] [Thread-4 (]: On model.olist_analytics.stg__sellers: /* {"app": "dbt", "dbt_version": "1.12.3", "profile_name": "default", "target_name": "dev", "node_id": "model.olist_analytics.stg__sellers"} */

  create view "olist_db"."dev_stg"."stg__sellers__dbt_tmp"
    
    
  as (
    with source as (
    select * from "olist_db"."raw"."sellers"
),

final as (
    select
        seller_id,
        seller_zip_code_prefix as zip_code_prefix
    from source
)

select * from final
  );
[0m10:34:57.880903 [debug] [Thread-4 (]: Opening a new connection, currently in state closed
[0m10:34:57.880903 [debug] [Thread-2 (]: SQL status: CREATE VIEW in 0.023 seconds
[0m10:34:57.887428 [debug] [Thread-2 (]: Using postgres connection "model.olist_analytics.stg__order_reviews"
[0m10:34:57.888428 [debug] [Thread-2 (]: On model.olist_analytics.stg__order_reviews: /* {"app": "dbt", "dbt_version": "1.12.3", "profile_name": "default", "target_name": "dev", "node_id": "model.olist_analytics.stg__order_reviews"} */
alter table "olist_db"."dev_stg"."stg__order_reviews" rename to "stg__order_reviews__dbt_backup"
[0m10:34:57.890421 [debug] [Thread-2 (]: SQL status: ALTER TABLE in 0.001 seconds
[0m10:34:57.894426 [debug] [Thread-2 (]: Using postgres connection "model.olist_analytics.stg__order_reviews"
[0m10:34:57.894426 [debug] [Thread-2 (]: On model.olist_analytics.stg__order_reviews: /* {"app": "dbt", "dbt_version": "1.12.3", "profile_name": "default", "target_name": "dev", "node_id": "model.olist_analytics.stg__order_reviews"} */
alter table "olist_db"."dev_stg"."stg__order_reviews__dbt_tmp" rename to "stg__order_reviews"
[0m10:34:57.896467 [debug] [Thread-2 (]: SQL status: ALTER TABLE in 0.001 seconds
[0m10:34:57.900564 [debug] [Thread-2 (]: On model.olist_analytics.stg__order_reviews: COMMIT
[0m10:34:57.901566 [debug] [Thread-2 (]: Using postgres connection "model.olist_analytics.stg__order_reviews"
[0m10:34:57.901566 [debug] [Thread-2 (]: On model.olist_analytics.stg__order_reviews: COMMIT
[0m10:34:57.903475 [debug] [Thread-2 (]: SQL status: COMMIT in 0.002 seconds
[0m10:34:57.906554 [debug] [Thread-2 (]: Applying DROP to: "olist_db"."dev_stg"."stg__order_reviews__dbt_backup"
[0m10:34:57.907563 [debug] [Thread-2 (]: Using postgres connection "model.olist_analytics.stg__order_reviews"
[0m10:34:57.908248 [debug] [Thread-1 (]: SQL status: CREATE VIEW in 0.039 seconds
[0m10:34:57.908248 [debug] [Thread-2 (]: On model.olist_analytics.stg__order_reviews: /* {"app": "dbt", "dbt_version": "1.12.3", "profile_name": "default", "target_name": "dev", "node_id": "model.olist_analytics.stg__order_reviews"} */
drop view if exists "olist_db"."dev_stg"."stg__order_reviews__dbt_backup" cascade
[0m10:34:57.909261 [debug] [Thread-3 (]: SQL status: CREATE VIEW in 0.032 seconds
[0m10:34:57.911271 [debug] [Thread-1 (]: Using postgres connection "model.olist_analytics.stg__orders"
[0m10:34:57.914787 [debug] [Thread-3 (]: Using postgres connection "model.olist_analytics.stg__products"
[0m10:34:57.914787 [debug] [Thread-1 (]: On model.olist_analytics.stg__orders: /* {"app": "dbt", "dbt_version": "1.12.3", "profile_name": "default", "target_name": "dev", "node_id": "model.olist_analytics.stg__orders"} */
alter table "olist_db"."dev_stg"."stg__orders" rename to "stg__orders__dbt_backup"
[0m10:34:57.915787 [debug] [Thread-2 (]: SQL status: DROP VIEW in 0.004 seconds
[0m10:34:57.915787 [debug] [Thread-3 (]: On model.olist_analytics.stg__products: /* {"app": "dbt", "dbt_version": "1.12.3", "profile_name": "default", "target_name": "dev", "node_id": "model.olist_analytics.stg__products"} */
alter table "olist_db"."dev_stg"."stg__products" rename to "stg__products__dbt_backup"
[0m10:34:57.918120 [debug] [Thread-2 (]: On model.olist_analytics.stg__order_reviews: Close
[0m10:34:57.919116 [debug] [Thread-1 (]: SQL status: ALTER TABLE in 0.002 seconds
[0m10:34:57.922123 [debug] [Thread-1 (]: Using postgres connection "model.olist_analytics.stg__orders"
[0m10:34:57.923118 [debug] [Thread-3 (]: SQL status: ALTER TABLE in 0.004 seconds
[0m10:34:57.924117 [debug] [Thread-2 (]: Sending event: {'category': 'dbt', 'action': 'run_model', 'label': '3f08499d-76e0-415c-81f8-d043440718de', 'context': [<snowplow_tracker.self_describing_json.SelfDescribingJson object at 0x0000025BE099B080>]}
[0m10:34:57.924117 [debug] [Thread-4 (]: SQL status: CREATE VIEW in 0.044 seconds
[0m10:34:57.924117 [debug] [Thread-1 (]: On model.olist_analytics.stg__orders: /* {"app": "dbt", "dbt_version": "1.12.3", "profile_name": "default", "target_name": "dev", "node_id": "model.olist_analytics.stg__orders"} */
alter table "olist_db"."dev_stg"."stg__orders__dbt_tmp" rename to "stg__orders"
[0m10:34:57.926627 [debug] [Thread-3 (]: Using postgres connection "model.olist_analytics.stg__products"
[0m10:34:57.927626 [info ] [Thread-2 (]: 5 of 22 OK created sql view model dev_stg.stg__order_reviews ................... [[32mCREATE VIEW[0m in 0.11s]
[0m10:34:57.931056 [debug] [Thread-4 (]: Using postgres connection "model.olist_analytics.stg__sellers"
[0m10:34:57.931056 [debug] [Thread-3 (]: On model.olist_analytics.stg__products: /* {"app": "dbt", "dbt_version": "1.12.3", "profile_name": "default", "target_name": "dev", "node_id": "model.olist_analytics.stg__products"} */
alter table "olist_db"."dev_stg"."stg__products__dbt_tmp" rename to "stg__products"
[0m10:34:57.932057 [debug] [Thread-2 (]: Finished running node model.olist_analytics.stg__order_reviews
[0m10:34:57.932057 [debug] [Thread-4 (]: On model.olist_analytics.stg__sellers: /* {"app": "dbt", "dbt_version": "1.12.3", "profile_name": "default", "target_name": "dev", "node_id": "model.olist_analytics.stg__sellers"} */
alter table "olist_db"."dev_stg"."stg__sellers" rename to "stg__sellers__dbt_backup"
[0m10:34:57.932057 [debug] [Thread-1 (]: SQL status: ALTER TABLE in 0.001 seconds
[0m10:34:57.932057 [debug] [Thread-2 (]: Began running node test.olist_analytics.not_null_stg__geolocations_zip_code_prefix.d8c82bb46d
[0m10:34:57.934570 [debug] [Thread-1 (]: On model.olist_analytics.stg__orders: COMMIT
[0m10:34:57.936588 [debug] [Thread-1 (]: Using postgres connection "model.olist_analytics.stg__orders"
[0m10:34:57.936588 [debug] [Thread-1 (]: On model.olist_analytics.stg__orders: COMMIT
[0m10:34:57.936588 [debug] [Thread-4 (]: SQL status: ALTER TABLE in 0.003 seconds
[0m10:34:57.940343 [debug] [Thread-4 (]: Using postgres connection "model.olist_analytics.stg__sellers"
[0m10:34:57.940343 [debug] [Thread-3 (]: SQL status: ALTER TABLE in 0.007 seconds
[0m10:34:57.940343 [debug] [Thread-1 (]: SQL status: COMMIT in 0.004 seconds
[0m10:34:57.936074 [info ] [Thread-2 (]: 9 of 22 START test not_null_stg__geolocations_zip_code_prefix .................. [RUN]
[0m10:34:57.941249 [debug] [Thread-4 (]: On model.olist_analytics.stg__sellers: /* {"app": "dbt", "dbt_version": "1.12.3", "profile_name": "default", "target_name": "dev", "node_id": "model.olist_analytics.stg__sellers"} */
alter table "olist_db"."dev_stg"."stg__sellers__dbt_tmp" rename to "stg__sellers"
[0m10:34:58.026152 [debug] [Thread-3 (]: On model.olist_analytics.stg__products: COMMIT
[0m10:34:58.027678 [debug] [Thread-1 (]: Applying DROP to: "olist_db"."dev_stg"."stg__orders__dbt_backup"
[0m10:34:58.028474 [debug] [Thread-2 (]: Re-using an available connection from the pool (formerly model.olist_analytics.stg__order_reviews, now test.olist_analytics.not_null_stg__geolocations_zip_code_prefix.d8c82bb46d)
[0m10:34:58.028474 [debug] [Thread-3 (]: Using postgres connection "model.olist_analytics.stg__products"
[0m10:34:58.029480 [debug] [Thread-1 (]: Using postgres connection "model.olist_analytics.stg__orders"
[0m10:34:58.029480 [debug] [Thread-2 (]: Began compiling node test.olist_analytics.not_null_stg__geolocations_zip_code_prefix.d8c82bb46d
[0m10:34:58.029480 [debug] [Thread-4 (]: SQL status: ALTER TABLE in 0.002 seconds
[0m10:34:58.030927 [debug] [Thread-3 (]: On model.olist_analytics.stg__products: COMMIT
[0m10:34:58.030927 [debug] [Thread-1 (]: On model.olist_analytics.stg__orders: /* {"app": "dbt", "dbt_version": "1.12.3", "profile_name": "default", "target_name": "dev", "node_id": "model.olist_analytics.stg__orders"} */
drop view if exists "olist_db"."dev_stg"."stg__orders__dbt_backup" cascade
[0m10:34:58.042969 [debug] [Thread-2 (]: Writing injected SQL for node "test.olist_analytics.not_null_stg__geolocations_zip_code_prefix.d8c82bb46d"
[0m10:34:58.043961 [debug] [Thread-4 (]: On model.olist_analytics.stg__sellers: COMMIT
[0m10:34:58.044928 [debug] [Thread-4 (]: Using postgres connection "model.olist_analytics.stg__sellers"
[0m10:34:58.044928 [debug] [Thread-4 (]: On model.olist_analytics.stg__sellers: COMMIT
[0m10:34:58.045880 [debug] [Thread-2 (]: Began executing node test.olist_analytics.not_null_stg__geolocations_zip_code_prefix.d8c82bb46d
[0m10:34:58.063454 [debug] [Thread-2 (]: Writing runtime sql for node "test.olist_analytics.not_null_stg__geolocations_zip_code_prefix.d8c82bb46d"
[0m10:34:58.064453 [debug] [Thread-3 (]: SQL status: COMMIT in 0.020 seconds
[0m10:34:58.064453 [debug] [Thread-4 (]: SQL status: COMMIT in 0.019 seconds
[0m10:34:58.066482 [debug] [Thread-3 (]: Applying DROP to: "olist_db"."dev_stg"."stg__products__dbt_backup"
[0m10:34:58.067490 [debug] [Thread-1 (]: SQL status: DROP VIEW in 0.023 seconds
[0m10:34:58.069501 [debug] [Thread-4 (]: Applying DROP to: "olist_db"."dev_stg"."stg__sellers__dbt_backup"
[0m10:34:58.070501 [debug] [Thread-3 (]: Using postgres connection "model.olist_analytics.stg__products"
[0m10:34:58.071499 [debug] [Thread-1 (]: On model.olist_analytics.stg__orders: Close
[0m10:34:58.072501 [debug] [Thread-4 (]: Using postgres connection "model.olist_analytics.stg__sellers"
[0m10:34:58.073498 [debug] [Thread-3 (]: On model.olist_analytics.stg__products: /* {"app": "dbt", "dbt_version": "1.12.3", "profile_name": "default", "target_name": "dev", "node_id": "model.olist_analytics.stg__products"} */
drop view if exists "olist_db"."dev_stg"."stg__products__dbt_backup" cascade
[0m10:34:58.073498 [debug] [Thread-2 (]: Using postgres connection "test.olist_analytics.not_null_stg__geolocations_zip_code_prefix.d8c82bb46d"
[0m10:34:58.074496 [debug] [Thread-4 (]: On model.olist_analytics.stg__sellers: /* {"app": "dbt", "dbt_version": "1.12.3", "profile_name": "default", "target_name": "dev", "node_id": "model.olist_analytics.stg__sellers"} */
drop view if exists "olist_db"."dev_stg"."stg__sellers__dbt_backup" cascade
[0m10:34:58.074496 [debug] [Thread-1 (]: Sending event: {'category': 'dbt', 'action': 'run_model', 'label': '3f08499d-76e0-415c-81f8-d043440718de', 'context': [<snowplow_tracker.self_describing_json.SelfDescribingJson object at 0x0000025BE0920BC0>]}
[0m10:34:58.076003 [debug] [Thread-2 (]: On test.olist_analytics.not_null_stg__geolocations_zip_code_prefix.d8c82bb46d: /* {"app": "dbt", "dbt_version": "1.12.3", "profile_name": "default", "target_name": "dev", "node_id": "test.olist_analytics.not_null_stg__geolocations_zip_code_prefix.d8c82bb46d"} */

    
    select
      count(*) as failures,
      count(*) != 0 as should_warn,
      count(*) != 0 as should_error
    from (
      
    
    
    
    



select zip_code_prefix
from "olist_db"."dev_stg"."stg__geolocations"
where zip_code_prefix is null



    
  
    
    ) dbt_internal_test
[0m10:34:58.077527 [info ] [Thread-1 (]: 6 of 22 OK created sql view model dev_stg.stg__orders .......................... [[32mCREATE VIEW[0m in 0.25s]
[0m10:34:58.078535 [debug] [Thread-2 (]: Opening a new connection, currently in state closed
[0m10:34:58.079533 [debug] [Thread-1 (]: Finished running node model.olist_analytics.stg__orders
[0m10:34:58.079533 [debug] [Thread-4 (]: SQL status: DROP VIEW in 0.003 seconds
[0m10:34:58.080531 [debug] [Thread-3 (]: SQL status: DROP VIEW in 0.005 seconds
[0m10:34:58.080531 [debug] [Thread-1 (]: Began running node test.olist_analytics.unique_stg__geolocations_zip_code_prefix.d6c6cbb486
[0m10:34:58.083537 [debug] [Thread-4 (]: On model.olist_analytics.stg__sellers: Close
[0m10:34:58.086048 [debug] [Thread-3 (]: On model.olist_analytics.stg__products: Close
[0m10:34:58.086574 [info ] [Thread-1 (]: 10 of 22 START test unique_stg__geolocations_zip_code_prefix ................... [RUN]
[0m10:34:58.087581 [debug] [Thread-1 (]: Re-using an available connection from the pool (formerly model.olist_analytics.stg__orders, now test.olist_analytics.unique_stg__geolocations_zip_code_prefix.d6c6cbb486)
[0m10:34:58.088584 [debug] [Thread-1 (]: Began compiling node test.olist_analytics.unique_stg__geolocations_zip_code_prefix.d6c6cbb486
[0m10:34:58.090585 [debug] [Thread-3 (]: Sending event: {'category': 'dbt', 'action': 'run_model', 'label': '3f08499d-76e0-415c-81f8-d043440718de', 'context': [<snowplow_tracker.self_describing_json.SelfDescribingJson object at 0x0000025BE0F94EC0>]}
[0m10:34:58.091583 [debug] [Thread-4 (]: Sending event: {'category': 'dbt', 'action': 'run_model', 'label': '3f08499d-76e0-415c-81f8-d043440718de', 'context': [<snowplow_tracker.self_describing_json.SelfDescribingJson object at 0x0000025BE1490860>]}
[0m10:34:58.106446 [debug] [Thread-1 (]: Writing injected SQL for node "test.olist_analytics.unique_stg__geolocations_zip_code_prefix.d6c6cbb486"
[0m10:34:58.107456 [info ] [Thread-3 (]: 7 of 22 OK created sql view model dev_stg.stg__products ........................ [[32mCREATE VIEW[0m in 0.25s]
[0m10:34:58.108457 [info ] [Thread-4 (]: 8 of 22 OK created sql view model dev_stg.stg__sellers ......................... [[32mCREATE VIEW[0m in 0.24s]
[0m10:34:58.110127 [debug] [Thread-3 (]: Finished running node model.olist_analytics.stg__products
[0m10:34:58.110127 [debug] [Thread-4 (]: Finished running node model.olist_analytics.stg__sellers
[0m10:34:58.111139 [debug] [Thread-3 (]: Began running node test.olist_analytics.not_null_stg__customers_customer_id.a86167f4b7
[0m10:34:58.111139 [debug] [Thread-4 (]: Began running node test.olist_analytics.unique_stg__customers_customer_id.eb1c652d46
[0m10:34:58.112647 [info ] [Thread-3 (]: 11 of 22 START test not_null_stg__customers_customer_id ........................ [RUN]
[0m10:34:58.114658 [debug] [Thread-3 (]: Re-using an available connection from the pool (formerly model.olist_analytics.stg__products, now test.olist_analytics.not_null_stg__customers_customer_id.a86167f4b7)
[0m10:34:58.113656 [info ] [Thread-4 (]: 12 of 22 START test unique_stg__customers_customer_id .......................... [RUN]
[0m10:34:58.116166 [debug] [Thread-1 (]: Began executing node test.olist_analytics.unique_stg__geolocations_zip_code_prefix.d6c6cbb486
[0m10:34:58.116677 [debug] [Thread-3 (]: Began compiling node test.olist_analytics.not_null_stg__customers_customer_id.a86167f4b7
[0m10:34:58.118691 [debug] [Thread-4 (]: Re-using an available connection from the pool (formerly model.olist_analytics.stg__sellers, now test.olist_analytics.unique_stg__customers_customer_id.eb1c652d46)
[0m10:34:58.121686 [debug] [Thread-1 (]: Writing runtime sql for node "test.olist_analytics.unique_stg__geolocations_zip_code_prefix.d6c6cbb486"
[0m10:34:58.136520 [debug] [Thread-3 (]: Writing injected SQL for node "test.olist_analytics.not_null_stg__customers_customer_id.a86167f4b7"
[0m10:34:58.137526 [debug] [Thread-4 (]: Began compiling node test.olist_analytics.unique_stg__customers_customer_id.eb1c652d46
[0m10:34:58.151027 [debug] [Thread-4 (]: Writing injected SQL for node "test.olist_analytics.unique_stg__customers_customer_id.eb1c652d46"
[0m10:34:58.152037 [debug] [Thread-1 (]: Using postgres connection "test.olist_analytics.unique_stg__geolocations_zip_code_prefix.d6c6cbb486"
[0m10:34:58.153038 [debug] [Thread-3 (]: Began executing node test.olist_analytics.not_null_stg__customers_customer_id.a86167f4b7
[0m10:34:58.154041 [debug] [Thread-1 (]: On test.olist_analytics.unique_stg__geolocations_zip_code_prefix.d6c6cbb486: /* {"app": "dbt", "dbt_version": "1.12.3", "profile_name": "default", "target_name": "dev", "node_id": "test.olist_analytics.unique_stg__geolocations_zip_code_prefix.d6c6cbb486"} */

    
    select
      count(*) as failures,
      count(*) != 0 as should_warn,
      count(*) != 0 as should_error
    from (
      
    
    
    
    

select
    zip_code_prefix as unique_field,
    count(*) as n_records

from "olist_db"."dev_stg"."stg__geolocations"
where zip_code_prefix is not null
group by zip_code_prefix
having count(*) > 1



    
  
    
    ) dbt_internal_test
[0m10:34:58.158423 [debug] [Thread-3 (]: Writing runtime sql for node "test.olist_analytics.not_null_stg__customers_customer_id.a86167f4b7"
[0m10:34:58.159430 [debug] [Thread-1 (]: Opening a new connection, currently in state closed
[0m10:34:58.160430 [debug] [Thread-4 (]: Began executing node test.olist_analytics.unique_stg__customers_customer_id.eb1c652d46
[0m10:34:58.165950 [debug] [Thread-4 (]: Writing runtime sql for node "test.olist_analytics.unique_stg__customers_customer_id.eb1c652d46"
[0m10:34:58.167473 [debug] [Thread-3 (]: Using postgres connection "test.olist_analytics.not_null_stg__customers_customer_id.a86167f4b7"
[0m10:34:58.168857 [debug] [Thread-3 (]: On test.olist_analytics.not_null_stg__customers_customer_id.a86167f4b7: /* {"app": "dbt", "dbt_version": "1.12.3", "profile_name": "default", "target_name": "dev", "node_id": "test.olist_analytics.not_null_stg__customers_customer_id.a86167f4b7"} */

    
    select
      count(*) as failures,
      count(*) != 0 as should_warn,
      count(*) != 0 as should_error
    from (
      
    
    
    
    



select customer_id
from "olist_db"."dev_stg"."stg__customers"
where customer_id is null



    
  
    
    ) dbt_internal_test
[0m10:34:58.169473 [debug] [Thread-3 (]: Opening a new connection, currently in state closed
[0m10:34:58.171469 [debug] [Thread-4 (]: Using postgres connection "test.olist_analytics.unique_stg__customers_customer_id.eb1c652d46"
[0m10:34:58.171469 [debug] [Thread-4 (]: On test.olist_analytics.unique_stg__customers_customer_id.eb1c652d46: /* {"app": "dbt", "dbt_version": "1.12.3", "profile_name": "default", "target_name": "dev", "node_id": "test.olist_analytics.unique_stg__customers_customer_id.eb1c652d46"} */

    
    select
      count(*) as failures,
      count(*) != 0 as should_warn,
      count(*) != 0 as should_error
    from (
      
    
    
    
    

select
    customer_id as unique_field,
    count(*) as n_records

from "olist_db"."dev_stg"."stg__customers"
where customer_id is not null
group by customer_id
having count(*) > 1



    
  
    
    ) dbt_internal_test
[0m10:34:58.174000 [debug] [Thread-4 (]: Opening a new connection, currently in state closed
[0m10:34:58.200662 [debug] [Thread-3 (]: SQL status: SELECT 1 in 0.031 seconds
[0m10:34:58.207727 [debug] [Thread-3 (]: On test.olist_analytics.not_null_stg__customers_customer_id.a86167f4b7: ROLLBACK
[0m10:34:58.211304 [debug] [Thread-3 (]: On test.olist_analytics.not_null_stg__customers_customer_id.a86167f4b7: Close
[0m10:34:58.212831 [info ] [Thread-3 (]: 11 of 22 PASS not_null_stg__customers_customer_id .............................. [[32mPASS[0m in 0.10s]
[0m10:34:58.213844 [debug] [Thread-3 (]: Finished running node test.olist_analytics.not_null_stg__customers_customer_id.a86167f4b7
[0m10:34:58.214844 [debug] [Thread-3 (]: Began running node test.olist_analytics.not_null_stg__order_items_order_id.8729c05f71
[0m10:34:58.216354 [info ] [Thread-3 (]: 13 of 22 START test not_null_stg__order_items_order_id ......................... [RUN]
[0m10:34:58.217869 [debug] [Thread-3 (]: Re-using an available connection from the pool (formerly test.olist_analytics.not_null_stg__customers_customer_id.a86167f4b7, now test.olist_analytics.not_null_stg__order_items_order_id.8729c05f71)
[0m10:34:58.218701 [debug] [Thread-3 (]: Began compiling node test.olist_analytics.not_null_stg__order_items_order_id.8729c05f71
[0m10:34:58.237501 [debug] [Thread-3 (]: Writing injected SQL for node "test.olist_analytics.not_null_stg__order_items_order_id.8729c05f71"
[0m10:34:58.238508 [debug] [Thread-2 (]: SQL status: SELECT 1 in 0.160 seconds
[0m10:34:58.242014 [debug] [Thread-2 (]: On test.olist_analytics.not_null_stg__geolocations_zip_code_prefix.d8c82bb46d: ROLLBACK
[0m10:34:58.243021 [debug] [Thread-3 (]: Began executing node test.olist_analytics.not_null_stg__order_items_order_id.8729c05f71
[0m10:34:58.249583 [debug] [Thread-3 (]: Writing runtime sql for node "test.olist_analytics.not_null_stg__order_items_order_id.8729c05f71"
[0m10:34:58.250591 [debug] [Thread-2 (]: On test.olist_analytics.not_null_stg__geolocations_zip_code_prefix.d8c82bb46d: Close
[0m10:34:58.253107 [info ] [Thread-2 (]: 9 of 22 PASS not_null_stg__geolocations_zip_code_prefix ........................ [[32mPASS[0m in 0.22s]
[0m10:34:58.254124 [debug] [Thread-2 (]: Finished running node test.olist_analytics.not_null_stg__geolocations_zip_code_prefix.d8c82bb46d
[0m10:34:58.255638 [debug] [Thread-2 (]: Began running node test.olist_analytics.not_null_stg__order_items_order_item.75ff26d0cf
[0m10:34:58.257163 [info ] [Thread-2 (]: 14 of 22 START test not_null_stg__order_items_order_item ....................... [RUN]
[0m10:34:58.258171 [debug] [Thread-3 (]: Using postgres connection "test.olist_analytics.not_null_stg__order_items_order_id.8729c05f71"
[0m10:34:58.259179 [debug] [Thread-2 (]: Re-using an available connection from the pool (formerly test.olist_analytics.not_null_stg__geolocations_zip_code_prefix.d8c82bb46d, now test.olist_analytics.not_null_stg__order_items_order_item.75ff26d0cf)
[0m10:34:58.260180 [debug] [Thread-3 (]: On test.olist_analytics.not_null_stg__order_items_order_id.8729c05f71: /* {"app": "dbt", "dbt_version": "1.12.3", "profile_name": "default", "target_name": "dev", "node_id": "test.olist_analytics.not_null_stg__order_items_order_id.8729c05f71"} */

    
    select
      count(*) as failures,
      count(*) != 0 as should_warn,
      count(*) != 0 as should_error
    from (
      
    
    
    
    



select order_id
from "olist_db"."dev_stg"."stg__order_items"
where order_id is null



    
  
    
    ) dbt_internal_test
[0m10:34:58.261693 [debug] [Thread-2 (]: Began compiling node test.olist_analytics.not_null_stg__order_items_order_item.75ff26d0cf
[0m10:34:58.263209 [debug] [Thread-3 (]: Opening a new connection, currently in state closed
[0m10:34:58.280898 [debug] [Thread-2 (]: Writing injected SQL for node "test.olist_analytics.not_null_stg__order_items_order_item.75ff26d0cf"
[0m10:34:58.286417 [debug] [Thread-2 (]: Began executing node test.olist_analytics.not_null_stg__order_items_order_item.75ff26d0cf
[0m10:34:58.291447 [debug] [Thread-2 (]: Writing runtime sql for node "test.olist_analytics.not_null_stg__order_items_order_item.75ff26d0cf"
[0m10:34:58.293462 [debug] [Thread-2 (]: Using postgres connection "test.olist_analytics.not_null_stg__order_items_order_item.75ff26d0cf"
[0m10:34:58.294463 [debug] [Thread-2 (]: On test.olist_analytics.not_null_stg__order_items_order_item.75ff26d0cf: /* {"app": "dbt", "dbt_version": "1.12.3", "profile_name": "default", "target_name": "dev", "node_id": "test.olist_analytics.not_null_stg__order_items_order_item.75ff26d0cf"} */

    
    select
      count(*) as failures,
      count(*) != 0 as should_warn,
      count(*) != 0 as should_error
    from (
      
    
    
    
    



select order_item
from "olist_db"."dev_stg"."stg__order_items"
where order_item is null



    
  
    
    ) dbt_internal_test
[0m10:34:58.294463 [debug] [Thread-2 (]: Opening a new connection, currently in state closed
[0m10:34:58.332193 [debug] [Thread-3 (]: SQL status: SELECT 1 in 0.070 seconds
[0m10:34:58.335721 [debug] [Thread-3 (]: On test.olist_analytics.not_null_stg__order_items_order_id.8729c05f71: ROLLBACK
[0m10:34:58.343182 [debug] [Thread-3 (]: On test.olist_analytics.not_null_stg__order_items_order_id.8729c05f71: Close
[0m10:34:58.344188 [info ] [Thread-3 (]: 13 of 22 PASS not_null_stg__order_items_order_id ............................... [[32mPASS[0m in 0.13s]
[0m10:34:58.380776 [debug] [Thread-3 (]: Finished running node test.olist_analytics.not_null_stg__order_items_order_id.8729c05f71
[0m10:34:58.381775 [debug] [Thread-2 (]: SQL status: SELECT 1 in 0.086 seconds
[0m10:34:58.382774 [debug] [Thread-3 (]: Began running node test.olist_analytics.not_null_stg__order_payments_order_id.64647d9958
[0m10:34:58.386322 [debug] [Thread-2 (]: On test.olist_analytics.not_null_stg__order_items_order_item.75ff26d0cf: ROLLBACK
[0m10:34:58.394846 [debug] [Thread-2 (]: On test.olist_analytics.not_null_stg__order_items_order_item.75ff26d0cf: Close
[0m10:34:58.386827 [info ] [Thread-3 (]: 15 of 22 START test not_null_stg__order_payments_order_id ...................... [RUN]
[0m10:34:58.420566 [debug] [Thread-3 (]: Re-using an available connection from the pool (formerly test.olist_analytics.not_null_stg__order_items_order_id.8729c05f71, now test.olist_analytics.not_null_stg__order_payments_order_id.64647d9958)
[0m10:34:58.422581 [debug] [Thread-3 (]: Began compiling node test.olist_analytics.not_null_stg__order_payments_order_id.64647d9958
[0m10:34:58.398472 [info ] [Thread-2 (]: 14 of 22 PASS not_null_stg__order_items_order_item ............................. [[32mPASS[0m in 0.14s]
[0m10:34:58.435825 [debug] [Thread-2 (]: Finished running node test.olist_analytics.not_null_stg__order_items_order_item.75ff26d0cf
[0m10:34:58.436838 [debug] [Thread-2 (]: Began running node test.olist_analytics.not_null_stg__order_reviews_review_id.8d5e1ef1b2
[0m10:34:58.449449 [debug] [Thread-3 (]: Writing injected SQL for node "test.olist_analytics.not_null_stg__order_payments_order_id.64647d9958"
[0m10:34:58.451448 [debug] [Thread-3 (]: Began executing node test.olist_analytics.not_null_stg__order_payments_order_id.64647d9958
[0m10:34:58.457544 [debug] [Thread-3 (]: Writing runtime sql for node "test.olist_analytics.not_null_stg__order_payments_order_id.64647d9958"
[0m10:34:58.437346 [info ] [Thread-2 (]: 16 of 22 START test not_null_stg__order_reviews_review_id ...................... [RUN]
[0m10:34:58.461659 [debug] [Thread-2 (]: Re-using an available connection from the pool (formerly test.olist_analytics.not_null_stg__order_items_order_item.75ff26d0cf, now test.olist_analytics.not_null_stg__order_reviews_review_id.8d5e1ef1b2)
[0m10:34:58.462187 [debug] [Thread-2 (]: Began compiling node test.olist_analytics.not_null_stg__order_reviews_review_id.8d5e1ef1b2
[0m10:34:58.483767 [debug] [Thread-2 (]: Writing injected SQL for node "test.olist_analytics.not_null_stg__order_reviews_review_id.8d5e1ef1b2"
[0m10:34:58.486554 [debug] [Thread-3 (]: Using postgres connection "test.olist_analytics.not_null_stg__order_payments_order_id.64647d9958"
[0m10:34:58.487706 [debug] [Thread-3 (]: On test.olist_analytics.not_null_stg__order_payments_order_id.64647d9958: /* {"app": "dbt", "dbt_version": "1.12.3", "profile_name": "default", "target_name": "dev", "node_id": "test.olist_analytics.not_null_stg__order_payments_order_id.64647d9958"} */

    
    select
      count(*) as failures,
      count(*) != 0 as should_warn,
      count(*) != 0 as should_error
    from (
      
    
    
    
    



select order_id
from "olist_db"."dev_stg"."stg__order_payments"
where order_id is null



    
  
    
    ) dbt_internal_test
[0m10:34:58.488784 [debug] [Thread-3 (]: Opening a new connection, currently in state closed
[0m10:34:58.490392 [debug] [Thread-2 (]: Began executing node test.olist_analytics.not_null_stg__order_reviews_review_id.8d5e1ef1b2
[0m10:34:58.494617 [debug] [Thread-2 (]: Writing runtime sql for node "test.olist_analytics.not_null_stg__order_reviews_review_id.8d5e1ef1b2"
[0m10:34:58.498657 [debug] [Thread-2 (]: Using postgres connection "test.olist_analytics.not_null_stg__order_reviews_review_id.8d5e1ef1b2"
[0m10:34:58.499659 [debug] [Thread-2 (]: On test.olist_analytics.not_null_stg__order_reviews_review_id.8d5e1ef1b2: /* {"app": "dbt", "dbt_version": "1.12.3", "profile_name": "default", "target_name": "dev", "node_id": "test.olist_analytics.not_null_stg__order_reviews_review_id.8d5e1ef1b2"} */

    
    select
      count(*) as failures,
      count(*) != 0 as should_warn,
      count(*) != 0 as should_error
    from (
      
    
    
    
    



select review_id
from "olist_db"."dev_stg"."stg__order_reviews"
where review_id is null



    
  
    
    ) dbt_internal_test
[0m10:34:58.502171 [debug] [Thread-2 (]: Opening a new connection, currently in state closed
[0m10:34:58.511730 [debug] [Thread-4 (]: SQL status: SELECT 1 in 0.339 seconds
[0m10:34:58.514769 [debug] [Thread-4 (]: On test.olist_analytics.unique_stg__customers_customer_id.eb1c652d46: ROLLBACK
[0m10:34:58.515786 [debug] [Thread-4 (]: On test.olist_analytics.unique_stg__customers_customer_id.eb1c652d46: Close
[0m10:34:58.519739 [debug] [Thread-1 (]: SQL status: SELECT 1 in 0.361 seconds
[0m10:34:58.518729 [info ] [Thread-4 (]: 12 of 22 PASS unique_stg__customers_customer_id ................................ [[32mPASS[0m in 0.40s]
[0m10:34:58.522738 [debug] [Thread-1 (]: On test.olist_analytics.unique_stg__geolocations_zip_code_prefix.d6c6cbb486: ROLLBACK
[0m10:34:58.523737 [debug] [Thread-4 (]: Finished running node test.olist_analytics.unique_stg__customers_customer_id.eb1c652d46
[0m10:34:58.524741 [debug] [Thread-4 (]: Began running node test.olist_analytics.not_null_stg__orders_order_id.4c0de21e40
[0m10:34:58.525737 [debug] [Thread-1 (]: On test.olist_analytics.unique_stg__geolocations_zip_code_prefix.d6c6cbb486: Close
[0m10:34:58.525737 [info ] [Thread-4 (]: 17 of 22 START test not_null_stg__orders_order_id .............................. [RUN]
[0m10:34:58.527128 [debug] [Thread-4 (]: Re-using an available connection from the pool (formerly test.olist_analytics.unique_stg__customers_customer_id.eb1c652d46, now test.olist_analytics.not_null_stg__orders_order_id.4c0de21e40)
[0m10:34:58.528142 [debug] [Thread-3 (]: SQL status: SELECT 1 in 0.040 seconds
[0m10:34:58.529154 [debug] [Thread-4 (]: Began compiling node test.olist_analytics.not_null_stg__orders_order_id.4c0de21e40
[0m10:34:58.531151 [debug] [Thread-2 (]: SQL status: SELECT 1 in 0.029 seconds
[0m10:34:58.530155 [warn ] [Thread-1 (]: 10 of 22 WARN 17972 unique_stg__geolocations_zip_code_prefix ................... [[33mWARN 17972[0m in 0.44s]
[0m10:34:58.534219 [debug] [Thread-3 (]: On test.olist_analytics.not_null_stg__order_payments_order_id.64647d9958: ROLLBACK
[0m10:34:58.540254 [debug] [Thread-4 (]: Writing injected SQL for node "test.olist_analytics.not_null_stg__orders_order_id.4c0de21e40"
[0m10:34:58.542788 [debug] [Thread-2 (]: On test.olist_analytics.not_null_stg__order_reviews_review_id.8d5e1ef1b2: ROLLBACK
[0m10:34:58.543416 [debug] [Thread-1 (]: Finished running node test.olist_analytics.unique_stg__geolocations_zip_code_prefix.d6c6cbb486
[0m10:34:58.544421 [debug] [Thread-1 (]: Began running node test.olist_analytics.unique_stg__orders_order_id.fc4ea352a1
[0m10:34:58.544421 [debug] [Thread-3 (]: On test.olist_analytics.not_null_stg__order_payments_order_id.64647d9958: Close
[0m10:34:58.544421 [info ] [Thread-1 (]: 18 of 22 START test unique_stg__orders_order_id ................................ [RUN]
[0m10:34:58.546447 [debug] [Thread-2 (]: On test.olist_analytics.not_null_stg__order_reviews_review_id.8d5e1ef1b2: Close
[0m10:34:58.549456 [debug] [Thread-1 (]: Re-using an available connection from the pool (formerly test.olist_analytics.unique_stg__geolocations_zip_code_prefix.d6c6cbb486, now test.olist_analytics.unique_stg__orders_order_id.fc4ea352a1)
[0m10:34:58.550461 [debug] [Thread-4 (]: Began executing node test.olist_analytics.not_null_stg__orders_order_id.4c0de21e40
[0m10:34:58.547854 [info ] [Thread-3 (]: 15 of 22 PASS not_null_stg__order_payments_order_id ............................ [[32mPASS[0m in 0.13s]
[0m10:34:58.551456 [debug] [Thread-1 (]: Began compiling node test.olist_analytics.unique_stg__orders_order_id.fc4ea352a1
[0m10:34:58.556533 [debug] [Thread-4 (]: Writing runtime sql for node "test.olist_analytics.not_null_stg__orders_order_id.4c0de21e40"
[0m10:34:58.553456 [info ] [Thread-2 (]: 16 of 22 PASS not_null_stg__order_reviews_review_id ............................ [[32mPASS[0m in 0.09s]
[0m10:34:58.557557 [debug] [Thread-3 (]: Finished running node test.olist_analytics.not_null_stg__order_payments_order_id.64647d9958
[0m10:34:58.566603 [debug] [Thread-1 (]: Writing injected SQL for node "test.olist_analytics.unique_stg__orders_order_id.fc4ea352a1"
[0m10:34:58.568303 [debug] [Thread-2 (]: Finished running node test.olist_analytics.not_null_stg__order_reviews_review_id.8d5e1ef1b2
[0m10:34:58.568303 [debug] [Thread-3 (]: Began running node test.olist_analytics.not_null_stg__products_product_id.f87592efd7
[0m10:34:58.569310 [debug] [Thread-2 (]: Began running node test.olist_analytics.not_null_stg__sellers_seller_id.074a858786
[0m10:34:58.571311 [debug] [Thread-4 (]: Using postgres connection "test.olist_analytics.not_null_stg__orders_order_id.4c0de21e40"
[0m10:34:58.570313 [info ] [Thread-3 (]: 19 of 22 START test not_null_stg__products_product_id .......................... [RUN]
[0m10:34:58.571859 [debug] [Thread-4 (]: On test.olist_analytics.not_null_stg__orders_order_id.4c0de21e40: /* {"app": "dbt", "dbt_version": "1.12.3", "profile_name": "default", "target_name": "dev", "node_id": "test.olist_analytics.not_null_stg__orders_order_id.4c0de21e40"} */

    
    select
      count(*) as failures,
      count(*) != 0 as should_warn,
      count(*) != 0 as should_error
    from (
      
    
    
    
    



select order_id
from "olist_db"."dev_stg"."stg__orders"
where order_id is null



    
  
    
    ) dbt_internal_test
[0m10:34:58.571859 [info ] [Thread-2 (]: 20 of 22 START test not_null_stg__sellers_seller_id ............................ [RUN]
[0m10:34:58.572877 [debug] [Thread-1 (]: Began executing node test.olist_analytics.unique_stg__orders_order_id.fc4ea352a1
[0m10:34:58.573902 [debug] [Thread-3 (]: Re-using an available connection from the pool (formerly test.olist_analytics.not_null_stg__order_payments_order_id.64647d9958, now test.olist_analytics.not_null_stg__products_product_id.f87592efd7)
[0m10:34:58.573902 [debug] [Thread-4 (]: Opening a new connection, currently in state closed
[0m10:34:58.574880 [debug] [Thread-2 (]: Re-using an available connection from the pool (formerly test.olist_analytics.not_null_stg__order_reviews_review_id.8d5e1ef1b2, now test.olist_analytics.not_null_stg__sellers_seller_id.074a858786)
[0m10:34:58.576383 [debug] [Thread-1 (]: Writing runtime sql for node "test.olist_analytics.unique_stg__orders_order_id.fc4ea352a1"
[0m10:34:58.577449 [debug] [Thread-3 (]: Began compiling node test.olist_analytics.not_null_stg__products_product_id.f87592efd7
[0m10:34:58.577906 [debug] [Thread-2 (]: Began compiling node test.olist_analytics.not_null_stg__sellers_seller_id.074a858786
[0m10:34:58.587978 [debug] [Thread-3 (]: Writing injected SQL for node "test.olist_analytics.not_null_stg__products_product_id.f87592efd7"
[0m10:34:58.596047 [debug] [Thread-2 (]: Writing injected SQL for node "test.olist_analytics.not_null_stg__sellers_seller_id.074a858786"
[0m10:34:58.598579 [debug] [Thread-1 (]: Using postgres connection "test.olist_analytics.unique_stg__orders_order_id.fc4ea352a1"
[0m10:34:58.599570 [debug] [Thread-1 (]: On test.olist_analytics.unique_stg__orders_order_id.fc4ea352a1: /* {"app": "dbt", "dbt_version": "1.12.3", "profile_name": "default", "target_name": "dev", "node_id": "test.olist_analytics.unique_stg__orders_order_id.fc4ea352a1"} */

    
    select
      count(*) as failures,
      count(*) != 0 as should_warn,
      count(*) != 0 as should_error
    from (
      
    
    
    
    

select
    order_id as unique_field,
    count(*) as n_records

from "olist_db"."dev_stg"."stg__orders"
where order_id is not null
group by order_id
having count(*) > 1



    
  
    
    ) dbt_internal_test
[0m10:34:58.600576 [debug] [Thread-1 (]: Opening a new connection, currently in state closed
[0m10:34:58.601570 [debug] [Thread-4 (]: SQL status: SELECT 1 in 0.027 seconds
[0m10:34:58.601570 [debug] [Thread-2 (]: Began executing node test.olist_analytics.not_null_stg__sellers_seller_id.074a858786
[0m10:34:58.604082 [debug] [Thread-4 (]: On test.olist_analytics.not_null_stg__orders_order_id.4c0de21e40: ROLLBACK
[0m10:34:58.604664 [debug] [Thread-3 (]: Began executing node test.olist_analytics.not_null_stg__products_product_id.f87592efd7
[0m10:34:58.607835 [debug] [Thread-2 (]: Writing runtime sql for node "test.olist_analytics.not_null_stg__sellers_seller_id.074a858786"
[0m10:34:58.609664 [debug] [Thread-3 (]: Writing runtime sql for node "test.olist_analytics.not_null_stg__products_product_id.f87592efd7"
[0m10:34:58.610643 [debug] [Thread-4 (]: On test.olist_analytics.not_null_stg__orders_order_id.4c0de21e40: Close
[0m10:34:58.611646 [info ] [Thread-4 (]: 17 of 22 PASS not_null_stg__orders_order_id .................................... [[32mPASS[0m in 0.08s]
[0m10:34:58.613156 [debug] [Thread-4 (]: Finished running node test.olist_analytics.not_null_stg__orders_order_id.4c0de21e40
[0m10:34:58.613156 [debug] [Thread-4 (]: Began running node test.olist_analytics.unique_stg__products_product_id.97526b5195
[0m10:34:58.615693 [debug] [Thread-2 (]: Using postgres connection "test.olist_analytics.not_null_stg__sellers_seller_id.074a858786"
[0m10:34:58.616704 [debug] [Thread-2 (]: On test.olist_analytics.not_null_stg__sellers_seller_id.074a858786: /* {"app": "dbt", "dbt_version": "1.12.3", "profile_name": "default", "target_name": "dev", "node_id": "test.olist_analytics.not_null_stg__sellers_seller_id.074a858786"} */

    
    select
      count(*) as failures,
      count(*) != 0 as should_warn,
      count(*) != 0 as should_error
    from (
      
    
    
    
    



select seller_id
from "olist_db"."dev_stg"."stg__sellers"
where seller_id is null



    
  
    
    ) dbt_internal_test
[0m10:34:58.617834 [debug] [Thread-3 (]: Using postgres connection "test.olist_analytics.not_null_stg__products_product_id.f87592efd7"
[0m10:34:58.618839 [debug] [Thread-2 (]: Opening a new connection, currently in state closed
[0m10:34:58.616704 [info ] [Thread-4 (]: 21 of 22 START test unique_stg__products_product_id ............................ [RUN]
[0m10:34:58.619834 [debug] [Thread-3 (]: On test.olist_analytics.not_null_stg__products_product_id.f87592efd7: /* {"app": "dbt", "dbt_version": "1.12.3", "profile_name": "default", "target_name": "dev", "node_id": "test.olist_analytics.not_null_stg__products_product_id.f87592efd7"} */

    
    select
      count(*) as failures,
      count(*) != 0 as should_warn,
      count(*) != 0 as should_error
    from (
      
    
    
    
    



select product_id
from "olist_db"."dev_stg"."stg__products"
where product_id is null



    
  
    
    ) dbt_internal_test
[0m10:34:58.619834 [debug] [Thread-4 (]: Re-using an available connection from the pool (formerly test.olist_analytics.not_null_stg__orders_order_id.4c0de21e40, now test.olist_analytics.unique_stg__products_product_id.97526b5195)
[0m10:34:58.620834 [debug] [Thread-3 (]: Opening a new connection, currently in state closed
[0m10:34:58.621345 [debug] [Thread-4 (]: Began compiling node test.olist_analytics.unique_stg__products_product_id.97526b5195
[0m10:34:58.634347 [debug] [Thread-4 (]: Writing injected SQL for node "test.olist_analytics.unique_stg__products_product_id.97526b5195"
[0m10:34:58.637361 [debug] [Thread-4 (]: Began executing node test.olist_analytics.unique_stg__products_product_id.97526b5195
[0m10:34:58.641273 [debug] [Thread-4 (]: Writing runtime sql for node "test.olist_analytics.unique_stg__products_product_id.97526b5195"
[0m10:34:58.642280 [debug] [Thread-2 (]: SQL status: SELECT 1 in 0.023 seconds
[0m10:34:58.644294 [debug] [Thread-2 (]: On test.olist_analytics.not_null_stg__sellers_seller_id.074a858786: ROLLBACK
[0m10:34:58.644294 [debug] [Thread-3 (]: SQL status: SELECT 1 in 0.024 seconds
[0m10:34:58.649017 [debug] [Thread-3 (]: On test.olist_analytics.not_null_stg__products_product_id.f87592efd7: ROLLBACK
[0m10:34:58.650025 [debug] [Thread-2 (]: On test.olist_analytics.not_null_stg__sellers_seller_id.074a858786: Close
[0m10:34:58.651030 [debug] [Thread-4 (]: Using postgres connection "test.olist_analytics.unique_stg__products_product_id.97526b5195"
[0m10:34:58.652027 [debug] [Thread-4 (]: On test.olist_analytics.unique_stg__products_product_id.97526b5195: /* {"app": "dbt", "dbt_version": "1.12.3", "profile_name": "default", "target_name": "dev", "node_id": "test.olist_analytics.unique_stg__products_product_id.97526b5195"} */

    
    select
      count(*) as failures,
      count(*) != 0 as should_warn,
      count(*) != 0 as should_error
    from (
      
    
    
    
    

select
    product_id as unique_field,
    count(*) as n_records

from "olist_db"."dev_stg"."stg__products"
where product_id is not null
group by product_id
having count(*) > 1



    
  
    
    ) dbt_internal_test
[0m10:34:58.654030 [debug] [Thread-4 (]: Opening a new connection, currently in state closed
[0m10:34:58.653028 [info ] [Thread-2 (]: 20 of 22 PASS not_null_stg__sellers_seller_id .................................. [[32mPASS[0m in 0.08s]
[0m10:34:58.655028 [debug] [Thread-3 (]: On test.olist_analytics.not_null_stg__products_product_id.f87592efd7: Close
[0m10:34:58.656542 [debug] [Thread-2 (]: Finished running node test.olist_analytics.not_null_stg__sellers_seller_id.074a858786
[0m10:34:58.657553 [debug] [Thread-2 (]: Began running node test.olist_analytics.unique_stg__sellers_seller_id.1e789b1ae5
[0m10:34:58.658554 [info ] [Thread-3 (]: 19 of 22 PASS not_null_stg__products_product_id ................................ [[32mPASS[0m in 0.09s]
[0m10:34:58.660614 [debug] [Thread-3 (]: Finished running node test.olist_analytics.not_null_stg__products_product_id.f87592efd7
[0m10:34:58.658554 [info ] [Thread-2 (]: 22 of 22 START test unique_stg__sellers_seller_id .............................. [RUN]
[0m10:34:58.662614 [debug] [Thread-2 (]: Re-using an available connection from the pool (formerly test.olist_analytics.not_null_stg__sellers_seller_id.074a858786, now test.olist_analytics.unique_stg__sellers_seller_id.1e789b1ae5)
[0m10:34:58.664630 [debug] [Thread-2 (]: Began compiling node test.olist_analytics.unique_stg__sellers_seller_id.1e789b1ae5
[0m10:34:58.678521 [debug] [Thread-2 (]: Writing injected SQL for node "test.olist_analytics.unique_stg__sellers_seller_id.1e789b1ae5"
[0m10:34:58.680500 [debug] [Thread-2 (]: Began executing node test.olist_analytics.unique_stg__sellers_seller_id.1e789b1ae5
[0m10:34:58.686112 [debug] [Thread-2 (]: Writing runtime sql for node "test.olist_analytics.unique_stg__sellers_seller_id.1e789b1ae5"
[0m10:34:58.688664 [debug] [Thread-2 (]: Using postgres connection "test.olist_analytics.unique_stg__sellers_seller_id.1e789b1ae5"
[0m10:34:58.688664 [debug] [Thread-2 (]: On test.olist_analytics.unique_stg__sellers_seller_id.1e789b1ae5: /* {"app": "dbt", "dbt_version": "1.12.3", "profile_name": "default", "target_name": "dev", "node_id": "test.olist_analytics.unique_stg__sellers_seller_id.1e789b1ae5"} */

    
    select
      count(*) as failures,
      count(*) != 0 as should_warn,
      count(*) != 0 as should_error
    from (
      
    
    
    
    

select
    seller_id as unique_field,
    count(*) as n_records

from "olist_db"."dev_stg"."stg__sellers"
where seller_id is not null
group by seller_id
having count(*) > 1



    
  
    
    ) dbt_internal_test
[0m10:34:58.689661 [debug] [Thread-2 (]: Opening a new connection, currently in state closed
[0m10:34:58.711281 [debug] [Thread-2 (]: SQL status: SELECT 1 in 0.022 seconds
[0m10:34:58.712279 [debug] [Thread-4 (]: SQL status: SELECT 1 in 0.058 seconds
[0m10:34:58.715438 [debug] [Thread-2 (]: On test.olist_analytics.unique_stg__sellers_seller_id.1e789b1ae5: ROLLBACK
[0m10:34:58.717016 [debug] [Thread-4 (]: On test.olist_analytics.unique_stg__products_product_id.97526b5195: ROLLBACK
[0m10:34:58.718677 [debug] [Thread-2 (]: On test.olist_analytics.unique_stg__sellers_seller_id.1e789b1ae5: Close
[0m10:34:58.719206 [debug] [Thread-4 (]: On test.olist_analytics.unique_stg__products_product_id.97526b5195: Close
[0m10:34:58.720302 [info ] [Thread-2 (]: 22 of 22 PASS unique_stg__sellers_seller_id .................................... [[32mPASS[0m in 0.06s]
[0m10:34:58.723531 [debug] [Thread-2 (]: Finished running node test.olist_analytics.unique_stg__sellers_seller_id.1e789b1ae5
[0m10:34:58.722431 [info ] [Thread-4 (]: 21 of 22 PASS unique_stg__products_product_id .................................. [[32mPASS[0m in 0.10s]
[0m10:34:58.724079 [debug] [Thread-4 (]: Finished running node test.olist_analytics.unique_stg__products_product_id.97526b5195
[0m10:34:58.728630 [debug] [Thread-1 (]: SQL status: SELECT 1 in 0.128 seconds
[0m10:34:58.730631 [debug] [Thread-1 (]: On test.olist_analytics.unique_stg__orders_order_id.fc4ea352a1: ROLLBACK
[0m10:34:58.731631 [debug] [Thread-1 (]: On test.olist_analytics.unique_stg__orders_order_id.fc4ea352a1: Close
[0m10:34:58.734188 [info ] [Thread-1 (]: 18 of 22 PASS unique_stg__orders_order_id ...................................... [[32mPASS[0m in 0.19s]
[0m10:34:58.734188 [debug] [Thread-1 (]: Finished running node test.olist_analytics.unique_stg__orders_order_id.fc4ea352a1
[0m10:34:58.736700 [debug] [MainThread]: On master: COMMIT
[0m10:34:58.737902 [debug] [MainThread]: Using postgres connection "master"
[0m10:34:58.737902 [debug] [MainThread]: On master: COMMIT
[0m10:34:58.738908 [debug] [MainThread]: Opening a new connection, currently in state closed
[0m10:34:58.751453 [debug] [MainThread]: SQL status: COMMIT in 0.013 seconds
[0m10:34:58.752455 [debug] [MainThread]: On master: Close
[0m10:34:58.752455 [debug] [MainThread]: Connection 'master' was properly closed.
[0m10:34:58.753454 [debug] [MainThread]: Connection 'list_olist_db' was properly closed.
[0m10:34:58.753454 [debug] [MainThread]: Connection 'list_olist_db_dev_marts' was properly closed.
[0m10:34:58.753454 [debug] [MainThread]: Connection 'list_olist_db_dev_stg' was properly closed.
[0m10:34:58.754453 [debug] [MainThread]: Connection 'test.olist_analytics.unique_stg__orders_order_id.fc4ea352a1' was properly closed.
[0m10:34:58.754453 [debug] [MainThread]: Connection 'test.olist_analytics.unique_stg__sellers_seller_id.1e789b1ae5' was properly closed.
[0m10:34:58.754453 [debug] [MainThread]: Connection 'test.olist_analytics.not_null_stg__products_product_id.f87592efd7' was properly closed.
[0m10:34:58.754453 [debug] [MainThread]: Connection 'test.olist_analytics.unique_stg__products_product_id.97526b5195' was properly closed.
[0m10:34:58.754453 [info ] [MainThread]: 
[0m10:34:58.755961 [info ] [MainThread]: Finished running 14 data tests, 8 view models in 0 hours 0 minutes and 1.33 seconds (1.33s).
[0m10:34:58.759175 [debug] [MainThread]: Command end result
[0m10:34:58.804625 [debug] [MainThread]: Wrote artifact WritableManifest to C:\analytics_platform\astro\dbt\target\manifest.json
[0m10:34:58.807650 [debug] [MainThread]: Wrote artifact SemanticManifest to C:\analytics_platform\astro\dbt\target\semantic_manifest.json
[0m10:34:58.811650 [debug] [MainThread]: Wrote artifact OsiDocument to C:\analytics_platform\astro\dbt\target\osi_document.json
[0m10:34:58.819451 [debug] [MainThread]: Wrote artifact RunExecutionResult to C:\analytics_platform\astro\dbt\target\run_results.json
[0m10:34:58.819451 [info ] [MainThread]: 
[0m10:34:58.819451 [info ] [MainThread]: [33mCompleted with 1 warning:[0m
[0m10:34:58.820958 [info ] [MainThread]: 
[0m10:34:58.821713 [warn ] [MainThread]: [[33mWARNING[0m]: in test unique_stg__geolocations_zip_code_prefix (models\stg\_schema.yml)
[0m10:34:58.821713 [warn ] [MainThread]: [[33mWARNING[0m]: Got 17972 results, configured to warn if != 0
[0m10:34:58.822721 [info ] [MainThread]: 
[0m10:34:58.822721 [info ] [MainThread]:   compiled code at target\compiled\olist_analytics\models\stg\_schema.yml\unique_stg__geolocations_zip_code_prefix.sql
[0m10:34:58.823719 [info ] [MainThread]: 
[0m10:34:58.824721 [info ] [MainThread]: Done. PASS=21 WARN=1 ERROR=0 SKIP=0 NO-OP=0 REUSED=0 TOTAL=22
[0m10:34:58.826224 [debug] [MainThread]: Command `dbt build` succeeded at 10:34:58.825719 after 3.50 seconds
[0m10:34:58.826730 [debug] [MainThread]: Sending event: {'category': 'dbt', 'action': 'invocation', 'label': 'end', 'context': [<snowplow_tracker.self_describing_json.SelfDescribingJson object at 0x0000025BDA0BABA0>, <snowplow_tracker.self_describing_json.SelfDescribingJson object at 0x0000025BDD3C14C0>, <snowplow_tracker.self_describing_json.SelfDescribingJson object at 0x0000025BDD234FE0>]}
[0m10:34:58.826730 [debug] [MainThread]: Flushing usage events
[0m10:34:59.646575 [debug] [MainThread]: An error was encountered while trying to flush usage events
[0m11:01:06.436587 [debug] [MainThread]: Sending event: {'category': 'dbt', 'action': 'invocation', 'label': 'start', 'context': [<snowplow_tracker.self_describing_json.SelfDescribingJson object at 0x0000022606FC32F0>, <snowplow_tracker.self_describing_json.SelfDescribingJson object at 0x0000022608E23A10>, <snowplow_tracker.self_describing_json.SelfDescribingJson object at 0x0000022608E217F0>]}


============================== 11:01:06.440122 | 2d82dcdb-2127-4e69-88d5-11676ec4b2aa ==============================
[0m11:01:06.440122 [info ] [MainThread]: Running with dbt=1.12.3
[0m11:01:06.441130 [debug] [MainThread]: running dbt with arguments {'version_check': 'True', 'no_print': 'None', 'maximum_seed_size_mib': '1', 'target_path': 'None', 'warn_error_options': 'WarnErrorOptionsV2(error=[], warn=[], silence=[])', 'static_parser': 'True', 'printer_width': '80', 'write_json': 'True', 'introspect': 'True', 'log_cache_events': 'False', 'empty': 'False', 'cache_selected_only': 'False', 'log_format': 'default', 'debug': 'False', 'fail_fast': 'False', 'profiles_dir': 'C:\\analytics_platform\\astro\\dbt', 'send_anonymous_usage_stats': 'True', 'quiet': 'False', 'warn_error': 'None', 'partial_parse': 'True', 'indirect_selection': 'eager', 'hints_enabled': 'True', 'use_colors': 'True', 'use_experimental_parser': 'False', 'invocation_command': 'dbt build -t dev', 'log_path': 'C:\\analytics_platform\\astro\\dbt\\logs'}
[0m11:01:06.724036 [debug] [MainThread]: Sending event: {'category': 'dbt', 'action': 'project_id', 'label': '2d82dcdb-2127-4e69-88d5-11676ec4b2aa', 'context': [<snowplow_tracker.self_describing_json.SelfDescribingJson object at 0x000002260BD724E0>]}
[0m11:01:06.805144 [debug] [MainThread]: Sending event: {'category': 'dbt', 'action': 'adapter_info', 'label': '2d82dcdb-2127-4e69-88d5-11676ec4b2aa', 'context': [<snowplow_tracker.self_describing_json.SelfDescribingJson object at 0x00000226099C8800>]}
[0m11:01:06.806456 [info ] [MainThread]: Registered adapter: postgres=1.11.0
[0m11:01:07.031120 [debug] [MainThread]: checksum: d60959d112beb8b2f36fb64f349f29ec37a8a8d5f0e40e1fe22d043f48b78f52, vars: {}, profile: default, target: dev, version: 1.12.3
[0m11:01:07.201001 [debug] [MainThread]: Partial parsing enabled: 0 files deleted, 1 files added, 3 files changed.
[0m11:01:07.201512 [debug] [MainThread]: Partial parsing: added file: olist_analytics://models\int\int__unique_zip_codes.sql
[0m11:01:07.202107 [debug] [MainThread]: Partial parsing: updated file: olist_analytics://models\int\_schema.yml
[0m11:01:07.202633 [debug] [MainThread]: Partial parsing: updated file: olist_analytics://models\marts\dim\dim_sellers.sql
[0m11:01:07.202633 [debug] [MainThread]: Partial parsing: updated file: olist_analytics://models\marts\dim\dim_customers.sql
[0m11:01:07.909075 [debug] [MainThread]: Sending event: {'category': 'dbt', 'action': 'load_project', 'label': '2d82dcdb-2127-4e69-88d5-11676ec4b2aa', 'context': [<snowplow_tracker.self_describing_json.SelfDescribingJson object at 0x000002260D918EC0>]}
[0m11:01:08.022993 [debug] [MainThread]: Wrote artifact WritableManifest to C:\analytics_platform\astro\dbt\target\manifest.json
[0m11:01:08.026749 [debug] [MainThread]: Wrote artifact SemanticManifest to C:\analytics_platform\astro\dbt\target\semantic_manifest.json
[0m11:01:08.054714 [debug] [MainThread]: Wrote artifact OsiDocument to C:\analytics_platform\astro\dbt\target\osi_document.json
[0m11:01:08.082828 [debug] [MainThread]: Sending event: {'category': 'dbt', 'action': 'resource_counts', 'label': '2d82dcdb-2127-4e69-88d5-11676ec4b2aa', 'context': [<snowplow_tracker.self_describing_json.SelfDescribingJson object at 0x000002260D965AF0>]}
[0m11:01:08.083841 [info ] [MainThread]: Found 17 models, 28 data tests, 8 sources, 477 macros
[0m11:01:08.087835 [info ] [MainThread]: 
[0m11:01:08.088917 [info ] [MainThread]: Concurrency: 4 threads (target='dev')
[0m11:01:08.088917 [info ] [MainThread]: 
[0m11:01:08.090428 [debug] [MainThread]: Acquiring new postgres connection 'master'
[0m11:01:08.097958 [debug] [ThreadPool]: Acquiring new postgres connection 'list_olist_db'
[0m11:01:08.114612 [debug] [ThreadPool]: Acquiring new postgres connection 'list_olist_db'
[0m11:01:08.171426 [debug] [ThreadPool]: Using postgres connection "list_olist_db"
[0m11:01:08.172449 [debug] [ThreadPool]: On list_olist_db: /* {"app": "dbt", "dbt_version": "1.12.3", "profile_name": "default", "target_name": "dev", "connection_name": "list_olist_db"} */

    select distinct nspname from pg_namespace
  
[0m11:01:08.172449 [debug] [ThreadPool]: Opening a new connection, currently in state init
[0m11:01:08.172449 [debug] [ThreadPool]: Using postgres connection "list_olist_db"
[0m11:01:08.173450 [debug] [ThreadPool]: On list_olist_db: /* {"app": "dbt", "dbt_version": "1.12.3", "profile_name": "default", "target_name": "dev", "connection_name": "list_olist_db"} */

    select distinct nspname from pg_namespace
  
[0m11:01:08.173450 [debug] [ThreadPool]: Opening a new connection, currently in state init
[0m11:01:08.195985 [debug] [ThreadPool]: SQL status: SELECT 6 in 0.023 seconds
[0m11:01:08.195985 [debug] [ThreadPool]: SQL status: SELECT 6 in 0.022 seconds
[0m11:01:08.196988 [debug] [ThreadPool]: On list_olist_db: Close
[0m11:01:08.197988 [debug] [ThreadPool]: On list_olist_db: Close
[0m11:01:08.198987 [debug] [ThreadPool]: Re-using an available connection from the pool (formerly list_olist_db, now create_olist_db_dev_marts)
[0m11:01:08.201013 [debug] [ThreadPool]: Creating schema "database: "olist_db"
schema: "dev_marts"
"
[0m11:01:08.205498 [debug] [ThreadPool]: Using postgres connection "create_olist_db_dev_marts"
[0m11:01:08.206501 [debug] [ThreadPool]: On create_olist_db_dev_marts: /* {"app": "dbt", "dbt_version": "1.12.3", "profile_name": "default", "target_name": "dev", "connection_name": "create_olist_db_dev_marts"} */
create schema if not exists "dev_marts"
[0m11:01:08.206501 [debug] [ThreadPool]: Opening a new connection, currently in state closed
[0m11:01:08.218968 [debug] [ThreadPool]: SQL status: CREATE SCHEMA in 0.012 seconds
[0m11:01:08.218968 [debug] [ThreadPool]: On create_olist_db_dev_marts: COMMIT
[0m11:01:08.220477 [debug] [ThreadPool]: Using postgres connection "create_olist_db_dev_marts"
[0m11:01:08.220477 [debug] [ThreadPool]: On create_olist_db_dev_marts: COMMIT
[0m11:01:08.221652 [debug] [ThreadPool]: SQL status: COMMIT in 0.001 seconds
[0m11:01:08.221652 [debug] [ThreadPool]: On create_olist_db_dev_marts: Close
[0m11:01:08.224658 [debug] [ThreadPool]: Acquiring new postgres connection 'list_olist_db_dev_stg'
[0m11:01:08.231196 [debug] [ThreadPool]: Using postgres connection "list_olist_db_dev_stg"
[0m11:01:08.231196 [debug] [ThreadPool]: Acquiring new postgres connection 'list_olist_db_dev_marts'
[0m11:01:08.232218 [debug] [ThreadPool]: On list_olist_db_dev_stg: /* {"app": "dbt", "dbt_version": "1.12.3", "profile_name": "default", "target_name": "dev", "connection_name": "list_olist_db_dev_stg"} */
select
      'olist_db' as database,
      tablename as name,
      schemaname as schema,
      'table' as type
    from pg_tables
    where schemaname ilike 'dev_stg'
    union all
    select
      'olist_db' as database,
      viewname as name,
      schemaname as schema,
      'view' as type
    from pg_views
    where schemaname ilike 'dev_stg'
    union all
    select
      'olist_db' as database,
      matviewname as name,
      schemaname as schema,
      'materialized_view' as type
    from pg_matviews
    where schemaname ilike 'dev_stg'
    union all
    select distinct
     'olist_db' as database,
     proname as name,
     ns.nspname as schema,
     'function' as type
    from pg_proc
     join pg_namespace as ns on pronamespace = ns.oid
    where ns.nspname ilike 'dev_stg'
  
[0m11:01:08.233236 [debug] [ThreadPool]: Using postgres connection "list_olist_db_dev_marts"
[0m11:01:08.233236 [debug] [ThreadPool]: Opening a new connection, currently in state init
[0m11:01:08.233236 [debug] [ThreadPool]: On list_olist_db_dev_marts: /* {"app": "dbt", "dbt_version": "1.12.3", "profile_name": "default", "target_name": "dev", "connection_name": "list_olist_db_dev_marts"} */
select
      'olist_db' as database,
      tablename as name,
      schemaname as schema,
      'table' as type
    from pg_tables
    where schemaname ilike 'dev_marts'
    union all
    select
      'olist_db' as database,
      viewname as name,
      schemaname as schema,
      'view' as type
    from pg_views
    where schemaname ilike 'dev_marts'
    union all
    select
      'olist_db' as database,
      matviewname as name,
      schemaname as schema,
      'materialized_view' as type
    from pg_matviews
    where schemaname ilike 'dev_marts'
    union all
    select distinct
     'olist_db' as database,
     proname as name,
     ns.nspname as schema,
     'function' as type
    from pg_proc
     join pg_namespace as ns on pronamespace = ns.oid
    where ns.nspname ilike 'dev_marts'
  
[0m11:01:08.234222 [debug] [ThreadPool]: Opening a new connection, currently in state init
[0m11:01:08.250177 [debug] [ThreadPool]: SQL status: SELECT 0 in 0.016 seconds
[0m11:01:08.252233 [debug] [ThreadPool]: On list_olist_db_dev_marts: ROLLBACK
[0m11:01:08.252717 [debug] [ThreadPool]: On list_olist_db_dev_marts: Close
[0m11:01:08.268807 [debug] [ThreadPool]: SQL status: SELECT 8 in 0.035 seconds
[0m11:01:08.270319 [debug] [ThreadPool]: On list_olist_db_dev_stg: ROLLBACK
[0m11:01:08.271331 [debug] [ThreadPool]: On list_olist_db_dev_stg: Close
[0m11:01:08.277029 [debug] [MainThread]: Using postgres connection "master"
[0m11:01:08.277029 [debug] [MainThread]: On master: /* {"app": "dbt", "dbt_version": "1.12.3", "profile_name": "default", "target_name": "dev", "connection_name": "master"} */
select distinct
        dependent_namespace.nspname as dependent_schema,
        dependent_class.relname as dependent_name,
        referenced_namespace.nspname as referenced_schema,
        referenced_class.relname as referenced_name

    -- Query for views: views are entries in pg_class with an entry in pg_rewrite, but we avoid
    -- a seq scan on pg_rewrite by leveraging the fact there is an "internal" row in pg_depend for
    -- the view...
    from pg_class as dependent_class
    join pg_namespace as dependent_namespace on dependent_namespace.oid = dependent_class.relnamespace
    join pg_depend as dependent_depend on dependent_depend.refobjid = dependent_class.oid
        and dependent_depend.classid = 'pg_rewrite'::regclass
        and dependent_depend.refclassid = 'pg_class'::regclass
        and dependent_depend.deptype = 'i'

    -- ... and via pg_depend (that has a row per column, hence the need for "distinct" above, and
    -- making sure to exclude the internal row to avoid a view appearing to depend on itself)...
    join pg_depend as joining_depend on joining_depend.objid = dependent_depend.objid
        and joining_depend.classid = 'pg_rewrite'::regclass
        and joining_depend.refclassid = 'pg_class'::regclass
        and joining_depend.refobjid != dependent_depend.refobjid

    -- ... we can find the tables they query from in pg_class, but excluding system tables. Note we
    -- don't need need to exclude _dependent_ system tables, because they only query from other
    -- system tables, and so are automatically excluded by excluding _referenced_ system tables
    join pg_class as referenced_class on referenced_class.oid = joining_depend.refobjid
    join pg_namespace as referenced_namespace on referenced_namespace.oid = referenced_class.relnamespace
        and referenced_namespace.nspname != 'information_schema'
        and referenced_namespace.nspname not like 'pg\_%'

    order by
        dependent_schema, dependent_name, referenced_schema, referenced_name;
[0m11:01:08.277029 [debug] [MainThread]: Opening a new connection, currently in state init
[0m11:01:08.300629 [debug] [MainThread]: SQL status: SELECT 8 in 0.023 seconds
[0m11:01:08.301240 [debug] [MainThread]: Sending event: {'category': 'dbt', 'action': 'runnable_timing', 'label': '2d82dcdb-2127-4e69-88d5-11676ec4b2aa', 'context': [<snowplow_tracker.self_describing_json.SelfDescribingJson object at 0x000002260DDF6630>]}
[0m11:01:08.302327 [debug] [MainThread]: On master: ROLLBACK
[0m11:01:08.303386 [debug] [MainThread]: On master: COMMIT
[0m11:01:08.303386 [debug] [MainThread]: Using postgres connection "master"
[0m11:01:08.303386 [debug] [MainThread]: On master: COMMIT
[0m11:01:08.305393 [debug] [MainThread]: SQL status: COMMIT in 0.001 seconds
[0m11:01:08.305393 [debug] [MainThread]: On master: Close
[0m11:01:08.310392 [debug] [Thread-1 (]: Began running node model.olist_analytics.int__unique_zip_codes
[0m11:01:08.310896 [debug] [Thread-2 (]: Began running node model.olist_analytics.stg__customers
[0m11:01:08.311902 [debug] [Thread-3 (]: Began running node model.olist_analytics.stg__geolocations
[0m11:01:08.312491 [debug] [Thread-1 (]: Acquiring new postgres connection 'model.olist_analytics.int__unique_zip_codes'
[0m11:01:08.312491 [debug] [Thread-4 (]: Began running node model.olist_analytics.stg__order_items
[0m11:01:08.313500 [info ] [Thread-2 (]: 1 of 43 START sql view model dev_stg.stg__customers ............................ [RUN]
[0m11:01:08.315008 [debug] [Thread-1 (]: Began compiling node model.olist_analytics.int__unique_zip_codes
[0m11:01:08.313500 [info ] [Thread-3 (]: 2 of 43 START sql view model dev_stg.stg__geolocations ......................... [RUN]
[0m11:01:08.316015 [debug] [Thread-2 (]: Acquiring new postgres connection 'model.olist_analytics.stg__customers'
[0m11:01:08.315008 [info ] [Thread-4 (]: 3 of 43 START sql view model dev_stg.stg__order_items .......................... [RUN]
[0m11:01:08.325087 [debug] [Thread-1 (]: Writing injected SQL for node "model.olist_analytics.int__unique_zip_codes"
[0m11:01:08.327083 [debug] [Thread-3 (]: Acquiring new postgres connection 'model.olist_analytics.stg__geolocations'
[0m11:01:08.329081 [debug] [Thread-2 (]: Began compiling node model.olist_analytics.stg__customers
[0m11:01:08.330595 [debug] [Thread-4 (]: Acquiring new postgres connection 'model.olist_analytics.stg__order_items'
[0m11:01:08.331122 [debug] [Thread-3 (]: Began compiling node model.olist_analytics.stg__geolocations
[0m11:01:08.334152 [debug] [Thread-2 (]: Writing injected SQL for node "model.olist_analytics.stg__customers"
[0m11:01:08.335130 [debug] [Thread-4 (]: Began compiling node model.olist_analytics.stg__order_items
[0m11:01:08.339129 [debug] [Thread-3 (]: Writing injected SQL for node "model.olist_analytics.stg__geolocations"
[0m11:01:08.342169 [debug] [Thread-4 (]: Writing injected SQL for node "model.olist_analytics.stg__order_items"
[0m11:01:08.343170 [debug] [Thread-1 (]: Finished running node model.olist_analytics.int__unique_zip_codes
[0m11:01:08.344172 [debug] [Thread-1 (]: Began running node model.olist_analytics.stg__order_payments
[0m11:01:08.345170 [debug] [Thread-2 (]: Began executing node model.olist_analytics.stg__customers
[0m11:01:08.346170 [info ] [Thread-1 (]: 4 of 43 START sql view model dev_stg.stg__order_payments ....................... [RUN]
[0m11:01:08.366851 [debug] [Thread-3 (]: Began executing node model.olist_analytics.stg__geolocations
[0m11:01:08.382299 [debug] [Thread-1 (]: Re-using an available connection from the pool (formerly model.olist_analytics.int__unique_zip_codes, now model.olist_analytics.stg__order_payments)
[0m11:01:08.396522 [debug] [Thread-2 (]: Writing runtime sql for node "model.olist_analytics.stg__customers"
[0m11:01:08.399611 [debug] [Thread-3 (]: Writing runtime sql for node "model.olist_analytics.stg__geolocations"
[0m11:01:08.399611 [debug] [Thread-4 (]: Began executing node model.olist_analytics.stg__order_items
[0m11:01:08.399611 [debug] [Thread-1 (]: Began compiling node model.olist_analytics.stg__order_payments
[0m11:01:08.404872 [debug] [Thread-4 (]: Writing runtime sql for node "model.olist_analytics.stg__order_items"
[0m11:01:08.406952 [debug] [Thread-1 (]: Writing injected SQL for node "model.olist_analytics.stg__order_payments"
[0m11:01:08.406952 [debug] [Thread-3 (]: Using postgres connection "model.olist_analytics.stg__geolocations"
[0m11:01:08.407861 [debug] [Thread-3 (]: On model.olist_analytics.stg__geolocations: /* {"app": "dbt", "dbt_version": "1.12.3", "profile_name": "default", "target_name": "dev", "node_id": "model.olist_analytics.stg__geolocations"} */

  create view "olist_db"."dev_stg"."stg__geolocations__dbt_tmp"
    
    
  as (
    with source as (
    select * from "olist_db"."raw"."geolocations"
),

final as (
    select
        geolocation_zip_code_prefix as zip_code_prefix,
        geolocation_state as uf,
        geolocation_lat as latitude,
        geolocation_lng as longitude,
        upper(geolocation_city) as cidade
    from source
)

select * from final
  );
[0m11:01:08.408861 [debug] [Thread-3 (]: Opening a new connection, currently in state init
[0m11:01:08.408861 [debug] [Thread-2 (]: Using postgres connection "model.olist_analytics.stg__customers"
[0m11:01:08.410369 [debug] [Thread-2 (]: On model.olist_analytics.stg__customers: /* {"app": "dbt", "dbt_version": "1.12.3", "profile_name": "default", "target_name": "dev", "node_id": "model.olist_analytics.stg__customers"} */

  create view "olist_db"."dev_stg"."stg__customers__dbt_tmp"
    
    
  as (
    with source as (
    select * from "olist_db"."raw"."customers"
),

final as (
    select
        customer_id,
        customer_unique_id,
        customer_zip_code_prefix as zip_code_prefix
    from source
)

select * from final
  );
[0m11:01:08.410905 [debug] [Thread-4 (]: Using postgres connection "model.olist_analytics.stg__order_items"
[0m11:01:08.411914 [debug] [Thread-2 (]: Opening a new connection, currently in state init
[0m11:01:08.412917 [debug] [Thread-1 (]: Began executing node model.olist_analytics.stg__order_payments
[0m11:01:08.413490 [debug] [Thread-4 (]: On model.olist_analytics.stg__order_items: /* {"app": "dbt", "dbt_version": "1.12.3", "profile_name": "default", "target_name": "dev", "node_id": "model.olist_analytics.stg__order_items"} */

  create view "olist_db"."dev_stg"."stg__order_items__dbt_tmp"
    
    
  as (
    with source as (
    select * from "olist_db"."raw"."order_items"
),

final as (
    select
        order_id,
        product_id,
        seller_id,
        order_item_id as order_item,
        price,
        freight_value
    from source
)

select * from final
  );
[0m11:01:08.419027 [debug] [Thread-1 (]: Writing runtime sql for node "model.olist_analytics.stg__order_payments"
[0m11:01:08.420544 [debug] [Thread-4 (]: Opening a new connection, currently in state init
[0m11:01:08.423014 [debug] [Thread-1 (]: Using postgres connection "model.olist_analytics.stg__order_payments"
[0m11:01:08.423014 [debug] [Thread-1 (]: On model.olist_analytics.stg__order_payments: /* {"app": "dbt", "dbt_version": "1.12.3", "profile_name": "default", "target_name": "dev", "node_id": "model.olist_analytics.stg__order_payments"} */

  create view "olist_db"."dev_stg"."stg__order_payments__dbt_tmp"
    
    
  as (
    with source as (
    select * from "olist_db"."raw"."order_payments"
),

final as (
    select
        order_id,
        payment_installments,
        payment_sequential,
        payment_value,
        replace(upper(coalesce(payment_type, 'NOT DEFINED')), '_', ' ') as payment_type
    from source
)

select * from final
  );
[0m11:01:08.424106 [debug] [Thread-1 (]: Opening a new connection, currently in state init
[0m11:01:08.430611 [debug] [Thread-3 (]: SQL status: CREATE VIEW in 0.022 seconds
[0m11:01:08.440174 [debug] [Thread-3 (]: Using postgres connection "model.olist_analytics.stg__geolocations"
[0m11:01:08.441264 [debug] [Thread-3 (]: On model.olist_analytics.stg__geolocations: /* {"app": "dbt", "dbt_version": "1.12.3", "profile_name": "default", "target_name": "dev", "node_id": "model.olist_analytics.stg__geolocations"} */
alter table "olist_db"."dev_stg"."stg__geolocations" rename to "stg__geolocations__dbt_backup"
[0m11:01:08.443076 [debug] [Thread-3 (]: SQL status: ALTER TABLE in 0.001 seconds
[0m11:01:08.444129 [debug] [Thread-2 (]: SQL status: CREATE VIEW in 0.032 seconds
[0m11:01:08.446808 [debug] [Thread-3 (]: Using postgres connection "model.olist_analytics.stg__geolocations"
[0m11:01:08.446808 [debug] [Thread-4 (]: SQL status: CREATE VIEW in 0.027 seconds
[0m11:01:08.446808 [debug] [Thread-1 (]: SQL status: CREATE VIEW in 0.023 seconds
[0m11:01:08.448785 [debug] [Thread-2 (]: Using postgres connection "model.olist_analytics.stg__customers"
[0m11:01:08.448785 [debug] [Thread-3 (]: On model.olist_analytics.stg__geolocations: /* {"app": "dbt", "dbt_version": "1.12.3", "profile_name": "default", "target_name": "dev", "node_id": "model.olist_analytics.stg__geolocations"} */
alter table "olist_db"."dev_stg"."stg__geolocations__dbt_tmp" rename to "stg__geolocations"
[0m11:01:08.451455 [debug] [Thread-4 (]: Using postgres connection "model.olist_analytics.stg__order_items"
[0m11:01:08.452637 [debug] [Thread-1 (]: Using postgres connection "model.olist_analytics.stg__order_payments"
[0m11:01:08.453658 [debug] [Thread-2 (]: On model.olist_analytics.stg__customers: /* {"app": "dbt", "dbt_version": "1.12.3", "profile_name": "default", "target_name": "dev", "node_id": "model.olist_analytics.stg__customers"} */
alter table "olist_db"."dev_stg"."stg__customers" rename to "stg__customers__dbt_backup"
[0m11:01:08.453658 [debug] [Thread-4 (]: On model.olist_analytics.stg__order_items: /* {"app": "dbt", "dbt_version": "1.12.3", "profile_name": "default", "target_name": "dev", "node_id": "model.olist_analytics.stg__order_items"} */
alter table "olist_db"."dev_stg"."stg__order_items" rename to "stg__order_items__dbt_backup"
[0m11:01:08.454642 [debug] [Thread-1 (]: On model.olist_analytics.stg__order_payments: /* {"app": "dbt", "dbt_version": "1.12.3", "profile_name": "default", "target_name": "dev", "node_id": "model.olist_analytics.stg__order_payments"} */
alter table "olist_db"."dev_stg"."stg__order_payments" rename to "stg__order_payments__dbt_backup"
[0m11:01:08.456636 [debug] [Thread-3 (]: SQL status: ALTER TABLE in 0.002 seconds
[0m11:01:08.476876 [debug] [Thread-4 (]: SQL status: ALTER TABLE in 0.020 seconds
[0m11:01:08.478965 [debug] [Thread-4 (]: Using postgres connection "model.olist_analytics.stg__order_items"
[0m11:01:08.478965 [debug] [Thread-4 (]: On model.olist_analytics.stg__order_items: /* {"app": "dbt", "dbt_version": "1.12.3", "profile_name": "default", "target_name": "dev", "node_id": "model.olist_analytics.stg__order_items"} */
alter table "olist_db"."dev_stg"."stg__order_items__dbt_tmp" rename to "stg__order_items"
[0m11:01:08.478965 [debug] [Thread-3 (]: On model.olist_analytics.stg__geolocations: COMMIT
[0m11:01:08.480469 [debug] [Thread-3 (]: Using postgres connection "model.olist_analytics.stg__geolocations"
[0m11:01:08.480982 [debug] [Thread-3 (]: On model.olist_analytics.stg__geolocations: COMMIT
[0m11:01:08.480982 [debug] [Thread-2 (]: SQL status: ALTER TABLE in 0.025 seconds
[0m11:01:08.480982 [debug] [Thread-4 (]: SQL status: ALTER TABLE in 0.002 seconds
[0m11:01:08.481992 [debug] [Thread-1 (]: SQL status: ALTER TABLE in 0.025 seconds
[0m11:01:08.483734 [debug] [Thread-2 (]: Using postgres connection "model.olist_analytics.stg__customers"
[0m11:01:08.485648 [debug] [Thread-4 (]: On model.olist_analytics.stg__order_items: COMMIT
[0m11:01:08.486708 [debug] [Thread-3 (]: SQL status: COMMIT in 0.004 seconds
[0m11:01:08.490168 [debug] [Thread-1 (]: Using postgres connection "model.olist_analytics.stg__order_payments"
[0m11:01:08.490168 [debug] [Thread-2 (]: On model.olist_analytics.stg__customers: /* {"app": "dbt", "dbt_version": "1.12.3", "profile_name": "default", "target_name": "dev", "node_id": "model.olist_analytics.stg__customers"} */
alter table "olist_db"."dev_stg"."stg__customers__dbt_tmp" rename to "stg__customers"
[0m11:01:08.491174 [debug] [Thread-4 (]: Using postgres connection "model.olist_analytics.stg__order_items"
[0m11:01:08.496785 [debug] [Thread-3 (]: Applying DROP to: "olist_db"."dev_stg"."stg__geolocations__dbt_backup"
[0m11:01:08.497768 [debug] [Thread-1 (]: On model.olist_analytics.stg__order_payments: /* {"app": "dbt", "dbt_version": "1.12.3", "profile_name": "default", "target_name": "dev", "node_id": "model.olist_analytics.stg__order_payments"} */
alter table "olist_db"."dev_stg"."stg__order_payments__dbt_tmp" rename to "stg__order_payments"
[0m11:01:08.497768 [debug] [Thread-4 (]: On model.olist_analytics.stg__order_items: COMMIT
[0m11:01:08.503591 [debug] [Thread-3 (]: Using postgres connection "model.olist_analytics.stg__geolocations"
[0m11:01:08.504506 [debug] [Thread-2 (]: SQL status: ALTER TABLE in 0.007 seconds
[0m11:01:08.505500 [debug] [Thread-3 (]: On model.olist_analytics.stg__geolocations: /* {"app": "dbt", "dbt_version": "1.12.3", "profile_name": "default", "target_name": "dev", "node_id": "model.olist_analytics.stg__geolocations"} */
drop view if exists "olist_db"."dev_stg"."stg__geolocations__dbt_backup" cascade
[0m11:01:08.507508 [debug] [Thread-2 (]: On model.olist_analytics.stg__customers: COMMIT
[0m11:01:08.507508 [debug] [Thread-1 (]: SQL status: ALTER TABLE in 0.003 seconds
[0m11:01:08.508504 [debug] [Thread-4 (]: SQL status: COMMIT in 0.003 seconds
[0m11:01:08.508504 [debug] [Thread-2 (]: Using postgres connection "model.olist_analytics.stg__customers"
[0m11:01:08.511094 [debug] [Thread-1 (]: On model.olist_analytics.stg__order_payments: COMMIT
[0m11:01:08.512128 [debug] [Thread-4 (]: Applying DROP to: "olist_db"."dev_stg"."stg__order_items__dbt_backup"
[0m11:01:08.513126 [debug] [Thread-2 (]: On model.olist_analytics.stg__customers: COMMIT
[0m11:01:08.513126 [debug] [Thread-3 (]: SQL status: DROP VIEW in 0.006 seconds
[0m11:01:08.514100 [debug] [Thread-1 (]: Using postgres connection "model.olist_analytics.stg__order_payments"
[0m11:01:08.514100 [debug] [Thread-4 (]: Using postgres connection "model.olist_analytics.stg__order_items"
[0m11:01:08.516650 [debug] [Thread-3 (]: On model.olist_analytics.stg__geolocations: Close
[0m11:01:08.517647 [debug] [Thread-2 (]: SQL status: COMMIT in 0.002 seconds
[0m11:01:08.517647 [debug] [Thread-1 (]: On model.olist_analytics.stg__order_payments: COMMIT
[0m11:01:08.517647 [debug] [Thread-4 (]: On model.olist_analytics.stg__order_items: /* {"app": "dbt", "dbt_version": "1.12.3", "profile_name": "default", "target_name": "dev", "node_id": "model.olist_analytics.stg__order_items"} */
drop view if exists "olist_db"."dev_stg"."stg__order_items__dbt_backup" cascade
[0m11:01:08.521146 [debug] [Thread-2 (]: Applying DROP to: "olist_db"."dev_stg"."stg__customers__dbt_backup"
[0m11:01:08.523957 [debug] [Thread-2 (]: Using postgres connection "model.olist_analytics.stg__customers"
[0m11:01:08.524958 [debug] [Thread-1 (]: SQL status: COMMIT in 0.002 seconds
[0m11:01:08.524958 [debug] [Thread-2 (]: On model.olist_analytics.stg__customers: /* {"app": "dbt", "dbt_version": "1.12.3", "profile_name": "default", "target_name": "dev", "node_id": "model.olist_analytics.stg__customers"} */
drop view if exists "olist_db"."dev_stg"."stg__customers__dbt_backup" cascade
[0m11:01:08.526044 [debug] [Thread-4 (]: SQL status: DROP VIEW in 0.003 seconds
[0m11:01:08.526993 [debug] [Thread-1 (]: Applying DROP to: "olist_db"."dev_stg"."stg__order_payments__dbt_backup"
[0m11:01:08.528066 [debug] [Thread-3 (]: Sending event: {'category': 'dbt', 'action': 'run_model', 'label': '2d82dcdb-2127-4e69-88d5-11676ec4b2aa', 'context': [<snowplow_tracker.self_describing_json.SelfDescribingJson object at 0x000002260716C890>]}
[0m11:01:08.528955 [debug] [Thread-4 (]: On model.olist_analytics.stg__order_items: Close
[0m11:01:08.528955 [debug] [Thread-2 (]: SQL status: DROP VIEW in 0.002 seconds
[0m11:01:08.531172 [debug] [Thread-1 (]: Using postgres connection "model.olist_analytics.stg__order_payments"
[0m11:01:08.533262 [debug] [Thread-2 (]: On model.olist_analytics.stg__customers: Close
[0m11:01:08.533262 [debug] [Thread-4 (]: Sending event: {'category': 'dbt', 'action': 'run_model', 'label': '2d82dcdb-2127-4e69-88d5-11676ec4b2aa', 'context': [<snowplow_tracker.self_describing_json.SelfDescribingJson object at 0x000002260DE10890>]}
[0m11:01:08.531172 [info ] [Thread-3 (]: 2 of 43 OK created sql view model dev_stg.stg__geolocations .................... [[32mCREATE VIEW[0m in 0.20s]
[0m11:01:08.534226 [debug] [Thread-1 (]: On model.olist_analytics.stg__order_payments: /* {"app": "dbt", "dbt_version": "1.12.3", "profile_name": "default", "target_name": "dev", "node_id": "model.olist_analytics.stg__order_payments"} */
drop view if exists "olist_db"."dev_stg"."stg__order_payments__dbt_backup" cascade
[0m11:01:08.536180 [debug] [Thread-2 (]: Sending event: {'category': 'dbt', 'action': 'run_model', 'label': '2d82dcdb-2127-4e69-88d5-11676ec4b2aa', 'context': [<snowplow_tracker.self_describing_json.SelfDescribingJson object at 0x000002260DE9F410>]}
[0m11:01:08.537180 [debug] [Thread-3 (]: Finished running node model.olist_analytics.stg__geolocations
[0m11:01:08.535180 [info ] [Thread-4 (]: 3 of 43 OK created sql view model dev_stg.stg__order_items ..................... [[32mCREATE VIEW[0m in 0.20s]
[0m11:01:08.539181 [debug] [Thread-3 (]: Began running node model.olist_analytics.stg__order_reviews
[0m11:01:08.538180 [info ] [Thread-2 (]: 1 of 43 OK created sql view model dev_stg.stg__customers ....................... [[32mCREATE VIEW[0m in 0.22s]
[0m11:01:08.540180 [debug] [Thread-4 (]: Finished running node model.olist_analytics.stg__order_items
[0m11:01:08.541272 [debug] [Thread-1 (]: SQL status: DROP VIEW in 0.003 seconds
[0m11:01:08.541272 [info ] [Thread-3 (]: 5 of 43 START sql view model dev_stg.stg__order_reviews ........................ [RUN]
[0m11:01:08.542300 [debug] [Thread-2 (]: Finished running node model.olist_analytics.stg__customers
[0m11:01:08.543279 [debug] [Thread-4 (]: Began running node model.olist_analytics.stg__orders
[0m11:01:08.547296 [debug] [Thread-1 (]: On model.olist_analytics.stg__order_payments: Close
[0m11:01:08.547296 [debug] [Thread-3 (]: Re-using an available connection from the pool (formerly model.olist_analytics.stg__geolocations, now model.olist_analytics.stg__order_reviews)
[0m11:01:08.548299 [debug] [Thread-2 (]: Began running node model.olist_analytics.stg__products
[0m11:01:08.549283 [info ] [Thread-4 (]: 6 of 43 START sql view model dev_stg.stg__orders ............................... [RUN]
[0m11:01:08.549283 [debug] [Thread-3 (]: Began compiling node model.olist_analytics.stg__order_reviews
[0m11:01:08.550281 [debug] [Thread-1 (]: Sending event: {'category': 'dbt', 'action': 'run_model', 'label': '2d82dcdb-2127-4e69-88d5-11676ec4b2aa', 'context': [<snowplow_tracker.self_describing_json.SelfDescribingJson object at 0x000002260BFBD490>]}
[0m11:01:08.551528 [info ] [Thread-2 (]: 7 of 43 START sql view model dev_stg.stg__products ............................. [RUN]
[0m11:01:08.553227 [debug] [Thread-4 (]: Re-using an available connection from the pool (formerly model.olist_analytics.stg__order_items, now model.olist_analytics.stg__orders)
[0m11:01:08.556234 [debug] [Thread-3 (]: Writing injected SQL for node "model.olist_analytics.stg__order_reviews"
[0m11:01:08.559234 [info ] [Thread-1 (]: 4 of 43 OK created sql view model dev_stg.stg__order_payments .................. [[32mCREATE VIEW[0m in 0.17s]
[0m11:01:08.561251 [debug] [Thread-2 (]: Re-using an available connection from the pool (formerly model.olist_analytics.stg__customers, now model.olist_analytics.stg__products)
[0m11:01:08.562263 [debug] [Thread-4 (]: Began compiling node model.olist_analytics.stg__orders
[0m11:01:08.563262 [debug] [Thread-1 (]: Finished running node model.olist_analytics.stg__order_payments
[0m11:01:08.564269 [debug] [Thread-2 (]: Began compiling node model.olist_analytics.stg__products
[0m11:01:08.567343 [debug] [Thread-4 (]: Writing injected SQL for node "model.olist_analytics.stg__orders"
[0m11:01:08.567343 [debug] [Thread-3 (]: Began executing node model.olist_analytics.stg__order_reviews
[0m11:01:08.568260 [debug] [Thread-1 (]: Began running node model.olist_analytics.stg__sellers
[0m11:01:08.571277 [debug] [Thread-2 (]: Writing injected SQL for node "model.olist_analytics.stg__products"
[0m11:01:08.577897 [debug] [Thread-3 (]: Writing runtime sql for node "model.olist_analytics.stg__order_reviews"
[0m11:01:08.578927 [info ] [Thread-1 (]: 8 of 43 START sql view model dev_stg.stg__sellers .............................. [RUN]
[0m11:01:08.578927 [debug] [Thread-4 (]: Began executing node model.olist_analytics.stg__orders
[0m11:01:08.580433 [debug] [Thread-1 (]: Re-using an available connection from the pool (formerly model.olist_analytics.stg__order_payments, now model.olist_analytics.stg__sellers)
[0m11:01:08.583969 [debug] [Thread-4 (]: Writing runtime sql for node "model.olist_analytics.stg__orders"
[0m11:01:08.583969 [debug] [Thread-2 (]: Began executing node model.olist_analytics.stg__products
[0m11:01:08.583969 [debug] [Thread-1 (]: Began compiling node model.olist_analytics.stg__sellers
[0m11:01:08.591110 [debug] [Thread-2 (]: Writing runtime sql for node "model.olist_analytics.stg__products"
[0m11:01:08.592805 [debug] [Thread-1 (]: Writing injected SQL for node "model.olist_analytics.stg__sellers"
[0m11:01:08.592805 [debug] [Thread-3 (]: Using postgres connection "model.olist_analytics.stg__order_reviews"
[0m11:01:08.593862 [debug] [Thread-4 (]: Using postgres connection "model.olist_analytics.stg__orders"
[0m11:01:08.594813 [debug] [Thread-3 (]: On model.olist_analytics.stg__order_reviews: /* {"app": "dbt", "dbt_version": "1.12.3", "profile_name": "default", "target_name": "dev", "node_id": "model.olist_analytics.stg__order_reviews"} */

  create view "olist_db"."dev_stg"."stg__order_reviews__dbt_tmp"
    
    
  as (
    with source as (
    select * from "olist_db"."raw"."order_reviews"
),

final as (
    select
        review_id,
        order_id,
        review_comment_title as review_title,
        review_comment_message as review_message,
        review_creation_date as review_dt,
        review_answer_timestamp as review_answer_ts,
        review_score
    from source
)

select * from final
  );
[0m11:01:08.594813 [debug] [Thread-4 (]: On model.olist_analytics.stg__orders: /* {"app": "dbt", "dbt_version": "1.12.3", "profile_name": "default", "target_name": "dev", "node_id": "model.olist_analytics.stg__orders"} */

  create view "olist_db"."dev_stg"."stg__orders__dbt_tmp"
    
    
  as (
    with source as (
    select * from "olist_db"."raw"."orders"
),

final as (
    select
        order_id,
        customer_id,
        order_purchase_timestamp as order_purchase_ts,
        order_approved_at,
        order_delivered_carrier_date as order_delivered_carrier_dt,
        order_delivered_customer_date as order_delivered_customer_dt,
        order_estimated_delivery_date as order_estimated_delivery_dt,
        upper(order_status) as order_status
    from source
)

select * from final
  );
[0m11:01:08.594813 [debug] [Thread-3 (]: Opening a new connection, currently in state closed
[0m11:01:08.595852 [debug] [Thread-4 (]: Opening a new connection, currently in state closed
[0m11:01:08.595852 [debug] [Thread-1 (]: Began executing node model.olist_analytics.stg__sellers
[0m11:01:08.596847 [debug] [Thread-2 (]: Using postgres connection "model.olist_analytics.stg__products"
[0m11:01:08.602846 [debug] [Thread-1 (]: Writing runtime sql for node "model.olist_analytics.stg__sellers"
[0m11:01:08.604353 [debug] [Thread-2 (]: On model.olist_analytics.stg__products: /* {"app": "dbt", "dbt_version": "1.12.3", "profile_name": "default", "target_name": "dev", "node_id": "model.olist_analytics.stg__products"} */

  create view "olist_db"."dev_stg"."stg__products__dbt_tmp"
    
    
  as (
    with source as (
    select * from "olist_db"."raw"."products"
),

final as (
    select
        product_id,
        product_name_lenght,
        product_description_lenght,
        product_photos_qty,
        product_weight_g,
        product_length_cm,
        product_height_cm,
        product_width_cm,
        replace(upper(product_category_name), '_', ' ') as product_category
    from source
)

select * from final
  );
[0m11:01:08.605364 [debug] [Thread-2 (]: Opening a new connection, currently in state closed
[0m11:01:08.607374 [debug] [Thread-1 (]: Using postgres connection "model.olist_analytics.stg__sellers"
[0m11:01:08.609362 [debug] [Thread-1 (]: On model.olist_analytics.stg__sellers: /* {"app": "dbt", "dbt_version": "1.12.3", "profile_name": "default", "target_name": "dev", "node_id": "model.olist_analytics.stg__sellers"} */

  create view "olist_db"."dev_stg"."stg__sellers__dbt_tmp"
    
    
  as (
    with source as (
    select * from "olist_db"."raw"."sellers"
),

final as (
    select
        seller_id,
        seller_zip_code_prefix as zip_code_prefix
    from source
)

select * from final
  );
[0m11:01:08.609362 [debug] [Thread-1 (]: Opening a new connection, currently in state closed
[0m11:01:08.617162 [debug] [Thread-3 (]: SQL status: CREATE VIEW in 0.022 seconds
[0m11:01:08.621303 [debug] [Thread-3 (]: Using postgres connection "model.olist_analytics.stg__order_reviews"
[0m11:01:08.622352 [debug] [Thread-3 (]: On model.olist_analytics.stg__order_reviews: /* {"app": "dbt", "dbt_version": "1.12.3", "profile_name": "default", "target_name": "dev", "node_id": "model.olist_analytics.stg__order_reviews"} */
alter table "olist_db"."dev_stg"."stg__order_reviews" rename to "stg__order_reviews__dbt_backup"
[0m11:01:08.624353 [debug] [Thread-3 (]: SQL status: ALTER TABLE in 0.001 seconds
[0m11:01:08.627386 [debug] [Thread-3 (]: Using postgres connection "model.olist_analytics.stg__order_reviews"
[0m11:01:08.628352 [debug] [Thread-2 (]: SQL status: CREATE VIEW in 0.022 seconds
[0m11:01:08.628352 [debug] [Thread-3 (]: On model.olist_analytics.stg__order_reviews: /* {"app": "dbt", "dbt_version": "1.12.3", "profile_name": "default", "target_name": "dev", "node_id": "model.olist_analytics.stg__order_reviews"} */
alter table "olist_db"."dev_stg"."stg__order_reviews__dbt_tmp" rename to "stg__order_reviews"
[0m11:01:08.631036 [debug] [Thread-2 (]: Using postgres connection "model.olist_analytics.stg__products"
[0m11:01:08.632042 [debug] [Thread-2 (]: On model.olist_analytics.stg__products: /* {"app": "dbt", "dbt_version": "1.12.3", "profile_name": "default", "target_name": "dev", "node_id": "model.olist_analytics.stg__products"} */
alter table "olist_db"."dev_stg"."stg__products" rename to "stg__products__dbt_backup"
[0m11:01:08.632697 [debug] [Thread-4 (]: SQL status: CREATE VIEW in 0.037 seconds
[0m11:01:08.635704 [debug] [Thread-4 (]: Using postgres connection "model.olist_analytics.stg__orders"
[0m11:01:08.635704 [debug] [Thread-3 (]: SQL status: ALTER TABLE in 0.004 seconds
[0m11:01:08.636704 [debug] [Thread-4 (]: On model.olist_analytics.stg__orders: /* {"app": "dbt", "dbt_version": "1.12.3", "profile_name": "default", "target_name": "dev", "node_id": "model.olist_analytics.stg__orders"} */
alter table "olist_db"."dev_stg"."stg__orders" rename to "stg__orders__dbt_backup"
[0m11:01:08.636704 [debug] [Thread-2 (]: SQL status: ALTER TABLE in 0.004 seconds
[0m11:01:08.638704 [debug] [Thread-3 (]: On model.olist_analytics.stg__order_reviews: COMMIT
[0m11:01:08.641242 [debug] [Thread-2 (]: Using postgres connection "model.olist_analytics.stg__products"
[0m11:01:08.642347 [debug] [Thread-3 (]: Using postgres connection "model.olist_analytics.stg__order_reviews"
[0m11:01:08.642347 [debug] [Thread-4 (]: SQL status: ALTER TABLE in 0.003 seconds
[0m11:01:08.643349 [debug] [Thread-2 (]: On model.olist_analytics.stg__products: /* {"app": "dbt", "dbt_version": "1.12.3", "profile_name": "default", "target_name": "dev", "node_id": "model.olist_analytics.stg__products"} */
alter table "olist_db"."dev_stg"."stg__products__dbt_tmp" rename to "stg__products"
[0m11:01:08.643349 [debug] [Thread-3 (]: On model.olist_analytics.stg__order_reviews: COMMIT
[0m11:01:08.645353 [debug] [Thread-4 (]: Using postgres connection "model.olist_analytics.stg__orders"
[0m11:01:08.646347 [debug] [Thread-1 (]: SQL status: CREATE VIEW in 0.037 seconds
[0m11:01:08.646347 [debug] [Thread-4 (]: On model.olist_analytics.stg__orders: /* {"app": "dbt", "dbt_version": "1.12.3", "profile_name": "default", "target_name": "dev", "node_id": "model.olist_analytics.stg__orders"} */
alter table "olist_db"."dev_stg"."stg__orders__dbt_tmp" rename to "stg__orders"
[0m11:01:08.649347 [debug] [Thread-1 (]: Using postgres connection "model.olist_analytics.stg__sellers"
[0m11:01:08.649347 [debug] [Thread-2 (]: SQL status: ALTER TABLE in 0.004 seconds
[0m11:01:08.650327 [debug] [Thread-3 (]: SQL status: COMMIT in 0.004 seconds
[0m11:01:08.650327 [debug] [Thread-1 (]: On model.olist_analytics.stg__sellers: /* {"app": "dbt", "dbt_version": "1.12.3", "profile_name": "default", "target_name": "dev", "node_id": "model.olist_analytics.stg__sellers"} */
alter table "olist_db"."dev_stg"."stg__sellers" rename to "stg__sellers__dbt_backup"
[0m11:01:08.652583 [debug] [Thread-2 (]: On model.olist_analytics.stg__products: COMMIT
[0m11:01:08.653220 [debug] [Thread-4 (]: SQL status: ALTER TABLE in 0.002 seconds
[0m11:01:08.654227 [debug] [Thread-3 (]: Applying DROP to: "olist_db"."dev_stg"."stg__order_reviews__dbt_backup"
[0m11:01:08.655225 [debug] [Thread-2 (]: Using postgres connection "model.olist_analytics.stg__products"
[0m11:01:08.656226 [debug] [Thread-4 (]: On model.olist_analytics.stg__orders: COMMIT
[0m11:01:08.657303 [debug] [Thread-3 (]: Using postgres connection "model.olist_analytics.stg__order_reviews"
[0m11:01:08.658299 [debug] [Thread-2 (]: On model.olist_analytics.stg__products: COMMIT
[0m11:01:08.658299 [debug] [Thread-4 (]: Using postgres connection "model.olist_analytics.stg__orders"
[0m11:01:08.658299 [debug] [Thread-3 (]: On model.olist_analytics.stg__order_reviews: /* {"app": "dbt", "dbt_version": "1.12.3", "profile_name": "default", "target_name": "dev", "node_id": "model.olist_analytics.stg__order_reviews"} */
drop view if exists "olist_db"."dev_stg"."stg__order_reviews__dbt_backup" cascade
[0m11:01:08.659306 [debug] [Thread-1 (]: SQL status: ALTER TABLE in 0.004 seconds
[0m11:01:08.659306 [debug] [Thread-4 (]: On model.olist_analytics.stg__orders: COMMIT
[0m11:01:08.662399 [debug] [Thread-1 (]: Using postgres connection "model.olist_analytics.stg__sellers"
[0m11:01:08.662399 [debug] [Thread-2 (]: SQL status: COMMIT in 0.004 seconds
[0m11:01:08.663397 [debug] [Thread-3 (]: SQL status: DROP VIEW in 0.003 seconds
[0m11:01:08.663397 [debug] [Thread-1 (]: On model.olist_analytics.stg__sellers: /* {"app": "dbt", "dbt_version": "1.12.3", "profile_name": "default", "target_name": "dev", "node_id": "model.olist_analytics.stg__sellers"} */
alter table "olist_db"."dev_stg"."stg__sellers__dbt_tmp" rename to "stg__sellers"
[0m11:01:08.664398 [debug] [Thread-4 (]: SQL status: COMMIT in 0.002 seconds
[0m11:01:08.665917 [debug] [Thread-2 (]: Applying DROP to: "olist_db"."dev_stg"."stg__products__dbt_backup"
[0m11:01:08.666916 [debug] [Thread-3 (]: On model.olist_analytics.stg__order_reviews: Close
[0m11:01:08.668945 [debug] [Thread-4 (]: Applying DROP to: "olist_db"."dev_stg"."stg__orders__dbt_backup"
[0m11:01:08.668945 [debug] [Thread-2 (]: Using postgres connection "model.olist_analytics.stg__products"
[0m11:01:08.668945 [debug] [Thread-1 (]: SQL status: ALTER TABLE in 0.003 seconds
[0m11:01:08.671054 [debug] [Thread-4 (]: Using postgres connection "model.olist_analytics.stg__orders"
[0m11:01:08.672062 [debug] [Thread-3 (]: Sending event: {'category': 'dbt', 'action': 'run_model', 'label': '2d82dcdb-2127-4e69-88d5-11676ec4b2aa', 'context': [<snowplow_tracker.self_describing_json.SelfDescribingJson object at 0x000002260E300050>]}
[0m11:01:08.672640 [debug] [Thread-2 (]: On model.olist_analytics.stg__products: /* {"app": "dbt", "dbt_version": "1.12.3", "profile_name": "default", "target_name": "dev", "node_id": "model.olist_analytics.stg__products"} */
drop view if exists "olist_db"."dev_stg"."stg__products__dbt_backup" cascade
[0m11:01:08.674646 [debug] [Thread-1 (]: On model.olist_analytics.stg__sellers: COMMIT
[0m11:01:08.674646 [debug] [Thread-4 (]: On model.olist_analytics.stg__orders: /* {"app": "dbt", "dbt_version": "1.12.3", "profile_name": "default", "target_name": "dev", "node_id": "model.olist_analytics.stg__orders"} */
drop view if exists "olist_db"."dev_stg"."stg__orders__dbt_backup" cascade
[0m11:01:08.675646 [info ] [Thread-3 (]: 5 of 43 OK created sql view model dev_stg.stg__order_reviews ................... [[32mCREATE VIEW[0m in 0.12s]
[0m11:01:08.675646 [debug] [Thread-1 (]: Using postgres connection "model.olist_analytics.stg__sellers"
[0m11:01:08.676650 [debug] [Thread-3 (]: Finished running node model.olist_analytics.stg__order_reviews
[0m11:01:08.677648 [debug] [Thread-1 (]: On model.olist_analytics.stg__sellers: COMMIT
[0m11:01:08.677648 [debug] [Thread-2 (]: SQL status: DROP VIEW in 0.002 seconds
[0m11:01:08.678649 [debug] [Thread-3 (]: Began running node test.olist_analytics.not_null_int__unique_zip_codes_zip_code_prefix.b4f8673996
[0m11:01:08.679371 [debug] [Thread-4 (]: SQL status: DROP VIEW in 0.003 seconds
[0m11:01:08.680885 [debug] [Thread-2 (]: On model.olist_analytics.stg__products: Close
[0m11:01:08.681891 [debug] [Thread-1 (]: SQL status: COMMIT in 0.002 seconds
[0m11:01:08.683894 [debug] [Thread-4 (]: On model.olist_analytics.stg__orders: Close
[0m11:01:08.681891 [info ] [Thread-3 (]: 9 of 43 START test not_null_int__unique_zip_codes_zip_code_prefix .............. [RUN]
[0m11:01:08.687646 [debug] [Thread-1 (]: Applying DROP to: "olist_db"."dev_stg"."stg__sellers__dbt_backup"
[0m11:01:08.688727 [debug] [Thread-2 (]: Sending event: {'category': 'dbt', 'action': 'run_model', 'label': '2d82dcdb-2127-4e69-88d5-11676ec4b2aa', 'context': [<snowplow_tracker.self_describing_json.SelfDescribingJson object at 0x000002260BD3E090>]}
[0m11:01:08.691731 [debug] [Thread-3 (]: Re-using an available connection from the pool (formerly model.olist_analytics.stg__order_reviews, now test.olist_analytics.not_null_int__unique_zip_codes_zip_code_prefix.b4f8673996)
[0m11:01:08.693406 [debug] [Thread-4 (]: Sending event: {'category': 'dbt', 'action': 'run_model', 'label': '2d82dcdb-2127-4e69-88d5-11676ec4b2aa', 'context': [<snowplow_tracker.self_describing_json.SelfDescribingJson object at 0x000002260C778260>]}
[0m11:01:08.694515 [debug] [Thread-1 (]: Using postgres connection "model.olist_analytics.stg__sellers"
[0m11:01:08.695084 [info ] [Thread-2 (]: 7 of 43 OK created sql view model dev_stg.stg__products ........................ [[32mCREATE VIEW[0m in 0.13s]
[0m11:01:08.695719 [debug] [Thread-3 (]: Began compiling node test.olist_analytics.not_null_int__unique_zip_codes_zip_code_prefix.b4f8673996
[0m11:01:08.696731 [info ] [Thread-4 (]: 6 of 43 OK created sql view model dev_stg.stg__orders .......................... [[32mCREATE VIEW[0m in 0.14s]
[0m11:01:08.696731 [debug] [Thread-1 (]: On model.olist_analytics.stg__sellers: /* {"app": "dbt", "dbt_version": "1.12.3", "profile_name": "default", "target_name": "dev", "node_id": "model.olist_analytics.stg__sellers"} */
drop view if exists "olist_db"."dev_stg"."stg__sellers__dbt_backup" cascade
[0m11:01:08.697731 [debug] [Thread-2 (]: Finished running node model.olist_analytics.stg__products
[0m11:01:08.713400 [debug] [Thread-3 (]: Writing injected SQL for node "test.olist_analytics.not_null_int__unique_zip_codes_zip_code_prefix.b4f8673996"
[0m11:01:08.714363 [debug] [Thread-4 (]: Finished running node model.olist_analytics.stg__orders
[0m11:01:08.714363 [debug] [Thread-2 (]: Began running node test.olist_analytics.unique_int__unique_zip_codes_zip_code_prefix.0e64b005d1
[0m11:01:08.715832 [debug] [Thread-4 (]: Began running node test.olist_analytics.not_null_stg__geolocations_zip_code_prefix.d8c82bb46d
[0m11:01:08.716836 [debug] [Thread-1 (]: SQL status: DROP VIEW in 0.003 seconds
[0m11:01:08.718835 [debug] [Thread-1 (]: On model.olist_analytics.stg__sellers: Close
[0m11:01:08.715832 [info ] [Thread-2 (]: 10 of 43 START test unique_int__unique_zip_codes_zip_code_prefix ............... [RUN]
[0m11:01:08.720342 [debug] [Thread-1 (]: Sending event: {'category': 'dbt', 'action': 'run_model', 'label': '2d82dcdb-2127-4e69-88d5-11676ec4b2aa', 'context': [<snowplow_tracker.self_describing_json.SelfDescribingJson object at 0x000002260DED3BF0>]}
[0m11:01:08.721353 [debug] [Thread-2 (]: Re-using an available connection from the pool (formerly model.olist_analytics.stg__products, now test.olist_analytics.unique_int__unique_zip_codes_zip_code_prefix.0e64b005d1)
[0m11:01:08.716836 [info ] [Thread-4 (]: 11 of 43 START test not_null_stg__geolocations_zip_code_prefix ................. [RUN]
[0m11:01:08.726273 [debug] [Thread-2 (]: Began compiling node test.olist_analytics.unique_int__unique_zip_codes_zip_code_prefix.0e64b005d1
[0m11:01:08.726273 [debug] [Thread-3 (]: Began executing node test.olist_analytics.not_null_int__unique_zip_codes_zip_code_prefix.b4f8673996
[0m11:01:08.723264 [info ] [Thread-1 (]: 8 of 43 OK created sql view model dev_stg.stg__sellers ......................... [[32mCREATE VIEW[0m in 0.14s]
[0m11:01:08.727342 [debug] [Thread-4 (]: Re-using an available connection from the pool (formerly model.olist_analytics.stg__orders, now test.olist_analytics.not_null_stg__geolocations_zip_code_prefix.d8c82bb46d)
[0m11:01:08.737461 [debug] [Thread-2 (]: Writing injected SQL for node "test.olist_analytics.unique_int__unique_zip_codes_zip_code_prefix.0e64b005d1"
[0m11:01:08.763778 [debug] [Thread-3 (]: Writing runtime sql for node "test.olist_analytics.not_null_int__unique_zip_codes_zip_code_prefix.b4f8673996"
[0m11:01:08.764693 [debug] [Thread-1 (]: Finished running node model.olist_analytics.stg__sellers
[0m11:01:08.764693 [debug] [Thread-4 (]: Began compiling node test.olist_analytics.not_null_stg__geolocations_zip_code_prefix.d8c82bb46d
[0m11:01:08.765727 [debug] [Thread-1 (]: Began running node test.olist_analytics.unique_stg__geolocations_zip_code_prefix.d6c6cbb486
[0m11:01:08.774895 [debug] [Thread-4 (]: Writing injected SQL for node "test.olist_analytics.not_null_stg__geolocations_zip_code_prefix.d8c82bb46d"
[0m11:01:08.774895 [info ] [Thread-1 (]: 12 of 43 START test unique_stg__geolocations_zip_code_prefix ................... [RUN]
[0m11:01:08.775811 [debug] [Thread-1 (]: Re-using an available connection from the pool (formerly model.olist_analytics.stg__sellers, now test.olist_analytics.unique_stg__geolocations_zip_code_prefix.d6c6cbb486)
[0m11:01:08.776887 [debug] [Thread-1 (]: Began compiling node test.olist_analytics.unique_stg__geolocations_zip_code_prefix.d6c6cbb486
[0m11:01:08.783870 [debug] [Thread-1 (]: Writing injected SQL for node "test.olist_analytics.unique_stg__geolocations_zip_code_prefix.d6c6cbb486"
[0m11:01:08.784777 [debug] [Thread-2 (]: Began executing node test.olist_analytics.unique_int__unique_zip_codes_zip_code_prefix.0e64b005d1
[0m11:01:08.784777 [debug] [Thread-3 (]: Using postgres connection "test.olist_analytics.not_null_int__unique_zip_codes_zip_code_prefix.b4f8673996"
[0m11:01:08.785813 [debug] [Thread-4 (]: Began executing node test.olist_analytics.not_null_stg__geolocations_zip_code_prefix.d8c82bb46d
[0m11:01:08.787879 [debug] [Thread-2 (]: Writing runtime sql for node "test.olist_analytics.unique_int__unique_zip_codes_zip_code_prefix.0e64b005d1"
[0m11:01:08.787879 [debug] [Thread-3 (]: On test.olist_analytics.not_null_int__unique_zip_codes_zip_code_prefix.b4f8673996: /* {"app": "dbt", "dbt_version": "1.12.3", "profile_name": "default", "target_name": "dev", "node_id": "test.olist_analytics.not_null_int__unique_zip_codes_zip_code_prefix.b4f8673996"} */

    
    select
      count(*) as failures,
      count(*) != 0 as should_warn,
      count(*) != 0 as should_error
    from (
      
    
    
    
    



with __dbt__cte__int__unique_zip_codes as (
with source as (
    select
        zip_code_prefix,
        max(uf) as uf,
        max(cidade) as cidade
    from dev_stg.stg__geolocations
    group by
        zip_code_prefix
)

select * from source
) select zip_code_prefix
from __dbt__cte__int__unique_zip_codes
where zip_code_prefix is null



    
  
    
    ) dbt_internal_test
[0m11:01:08.789233 [debug] [Thread-1 (]: Began executing node test.olist_analytics.unique_stg__geolocations_zip_code_prefix.d6c6cbb486
[0m11:01:08.791952 [debug] [Thread-4 (]: Writing runtime sql for node "test.olist_analytics.not_null_stg__geolocations_zip_code_prefix.d8c82bb46d"
[0m11:01:08.791952 [debug] [Thread-3 (]: Opening a new connection, currently in state closed
[0m11:01:08.795955 [debug] [Thread-1 (]: Writing runtime sql for node "test.olist_analytics.unique_stg__geolocations_zip_code_prefix.d6c6cbb486"
[0m11:01:08.796990 [debug] [Thread-2 (]: Using postgres connection "test.olist_analytics.unique_int__unique_zip_codes_zip_code_prefix.0e64b005d1"
[0m11:01:08.797959 [debug] [Thread-2 (]: On test.olist_analytics.unique_int__unique_zip_codes_zip_code_prefix.0e64b005d1: /* {"app": "dbt", "dbt_version": "1.12.3", "profile_name": "default", "target_name": "dev", "node_id": "test.olist_analytics.unique_int__unique_zip_codes_zip_code_prefix.0e64b005d1"} */

    
    select
      count(*) as failures,
      count(*) != 0 as should_warn,
      count(*) != 0 as should_error
    from (
      
    
    
    
    

with __dbt__cte__int__unique_zip_codes as (
with source as (
    select
        zip_code_prefix,
        max(uf) as uf,
        max(cidade) as cidade
    from dev_stg.stg__geolocations
    group by
        zip_code_prefix
)

select * from source
) select
    zip_code_prefix as unique_field,
    count(*) as n_records

from __dbt__cte__int__unique_zip_codes
where zip_code_prefix is not null
group by zip_code_prefix
having count(*) > 1



    
  
    
    ) dbt_internal_test
[0m11:01:08.798954 [debug] [Thread-2 (]: Opening a new connection, currently in state closed
[0m11:01:08.798954 [debug] [Thread-4 (]: Using postgres connection "test.olist_analytics.not_null_stg__geolocations_zip_code_prefix.d8c82bb46d"
[0m11:01:08.800990 [debug] [Thread-4 (]: On test.olist_analytics.not_null_stg__geolocations_zip_code_prefix.d8c82bb46d: /* {"app": "dbt", "dbt_version": "1.12.3", "profile_name": "default", "target_name": "dev", "node_id": "test.olist_analytics.not_null_stg__geolocations_zip_code_prefix.d8c82bb46d"} */

    
    select
      count(*) as failures,
      count(*) != 0 as should_warn,
      count(*) != 0 as should_error
    from (
      
    
    
    
    



select zip_code_prefix
from "olist_db"."dev_stg"."stg__geolocations"
where zip_code_prefix is null



    
  
    
    ) dbt_internal_test
[0m11:01:08.802389 [debug] [Thread-4 (]: Opening a new connection, currently in state closed
[0m11:01:08.804008 [debug] [Thread-1 (]: Using postgres connection "test.olist_analytics.unique_stg__geolocations_zip_code_prefix.d6c6cbb486"
[0m11:01:08.806011 [debug] [Thread-1 (]: On test.olist_analytics.unique_stg__geolocations_zip_code_prefix.d6c6cbb486: /* {"app": "dbt", "dbt_version": "1.12.3", "profile_name": "default", "target_name": "dev", "node_id": "test.olist_analytics.unique_stg__geolocations_zip_code_prefix.d6c6cbb486"} */

    
    select
      count(*) as failures,
      count(*) != 0 as should_warn,
      count(*) != 0 as should_error
    from (
      
    
    
    
    

select
    zip_code_prefix as unique_field,
    count(*) as n_records

from "olist_db"."dev_stg"."stg__geolocations"
where zip_code_prefix is not null
group by zip_code_prefix
having count(*) > 1



    
  
    
    ) dbt_internal_test
[0m11:01:08.807008 [debug] [Thread-1 (]: Opening a new connection, currently in state closed
[0m11:01:08.954863 [debug] [Thread-3 (]: SQL status: SELECT 1 in 0.162 seconds
[0m11:01:08.961926 [debug] [Thread-3 (]: On test.olist_analytics.not_null_int__unique_zip_codes_zip_code_prefix.b4f8673996: ROLLBACK
[0m11:01:08.962934 [debug] [Thread-4 (]: SQL status: SELECT 1 in 0.161 seconds
[0m11:01:08.966460 [debug] [Thread-4 (]: On test.olist_analytics.not_null_stg__geolocations_zip_code_prefix.d8c82bb46d: ROLLBACK
[0m11:01:08.967459 [debug] [Thread-3 (]: On test.olist_analytics.not_null_int__unique_zip_codes_zip_code_prefix.b4f8673996: Close
[0m11:01:08.969463 [debug] [Thread-4 (]: On test.olist_analytics.not_null_stg__geolocations_zip_code_prefix.d8c82bb46d: Close
[0m11:01:08.968464 [info ] [Thread-3 (]: 9 of 43 PASS not_null_int__unique_zip_codes_zip_code_prefix .................... [[32mPASS[0m in 0.28s]
[0m11:01:08.971985 [debug] [Thread-3 (]: Finished running node test.olist_analytics.not_null_int__unique_zip_codes_zip_code_prefix.b4f8673996
[0m11:01:08.972359 [debug] [Thread-3 (]: Began running node test.olist_analytics.not_null_stg__order_items_order_id.8729c05f71
[0m11:01:08.972359 [info ] [Thread-4 (]: 11 of 43 PASS not_null_stg__geolocations_zip_code_prefix ....................... [[32mPASS[0m in 0.25s]
[0m11:01:08.976021 [debug] [Thread-4 (]: Finished running node test.olist_analytics.not_null_stg__geolocations_zip_code_prefix.d8c82bb46d
[0m11:01:08.972359 [info ] [Thread-3 (]: 13 of 43 START test not_null_stg__order_items_order_id ......................... [RUN]
[0m11:01:08.977029 [debug] [Thread-4 (]: Began running node test.olist_analytics.not_null_stg__order_items_order_item.75ff26d0cf
[0m11:01:08.978541 [debug] [Thread-3 (]: Re-using an available connection from the pool (formerly test.olist_analytics.not_null_int__unique_zip_codes_zip_code_prefix.b4f8673996, now test.olist_analytics.not_null_stg__order_items_order_id.8729c05f71)
[0m11:01:08.980564 [debug] [Thread-3 (]: Began compiling node test.olist_analytics.not_null_stg__order_items_order_id.8729c05f71
[0m11:01:08.979550 [info ] [Thread-4 (]: 14 of 43 START test not_null_stg__order_items_order_item ....................... [RUN]
[0m11:01:08.999842 [debug] [Thread-3 (]: Writing injected SQL for node "test.olist_analytics.not_null_stg__order_items_order_id.8729c05f71"
[0m11:01:09.000349 [debug] [Thread-4 (]: Re-using an available connection from the pool (formerly test.olist_analytics.not_null_stg__geolocations_zip_code_prefix.d8c82bb46d, now test.olist_analytics.not_null_stg__order_items_order_item.75ff26d0cf)
[0m11:01:09.001875 [debug] [Thread-4 (]: Began compiling node test.olist_analytics.not_null_stg__order_items_order_item.75ff26d0cf
[0m11:01:09.017031 [debug] [Thread-4 (]: Writing injected SQL for node "test.olist_analytics.not_null_stg__order_items_order_item.75ff26d0cf"
[0m11:01:09.018035 [debug] [Thread-3 (]: Began executing node test.olist_analytics.not_null_stg__order_items_order_id.8729c05f71
[0m11:01:09.023481 [debug] [Thread-3 (]: Writing runtime sql for node "test.olist_analytics.not_null_stg__order_items_order_id.8729c05f71"
[0m11:01:09.024484 [debug] [Thread-4 (]: Began executing node test.olist_analytics.not_null_stg__order_items_order_item.75ff26d0cf
[0m11:01:09.027877 [debug] [Thread-4 (]: Writing runtime sql for node "test.olist_analytics.not_null_stg__order_items_order_item.75ff26d0cf"
[0m11:01:09.028880 [debug] [Thread-3 (]: Using postgres connection "test.olist_analytics.not_null_stg__order_items_order_id.8729c05f71"
[0m11:01:09.030387 [debug] [Thread-3 (]: On test.olist_analytics.not_null_stg__order_items_order_id.8729c05f71: /* {"app": "dbt", "dbt_version": "1.12.3", "profile_name": "default", "target_name": "dev", "node_id": "test.olist_analytics.not_null_stg__order_items_order_id.8729c05f71"} */

    
    select
      count(*) as failures,
      count(*) != 0 as should_warn,
      count(*) != 0 as should_error
    from (
      
    
    
    
    



select order_id
from "olist_db"."dev_stg"."stg__order_items"
where order_id is null



    
  
    
    ) dbt_internal_test
[0m11:01:09.030927 [debug] [Thread-3 (]: Opening a new connection, currently in state closed
[0m11:01:09.032445 [debug] [Thread-4 (]: Using postgres connection "test.olist_analytics.not_null_stg__order_items_order_item.75ff26d0cf"
[0m11:01:09.032971 [debug] [Thread-4 (]: On test.olist_analytics.not_null_stg__order_items_order_item.75ff26d0cf: /* {"app": "dbt", "dbt_version": "1.12.3", "profile_name": "default", "target_name": "dev", "node_id": "test.olist_analytics.not_null_stg__order_items_order_item.75ff26d0cf"} */

    
    select
      count(*) as failures,
      count(*) != 0 as should_warn,
      count(*) != 0 as should_error
    from (
      
    
    
    
    



select order_item
from "olist_db"."dev_stg"."stg__order_items"
where order_item is null



    
  
    
    ) dbt_internal_test
[0m11:01:09.033989 [debug] [Thread-4 (]: Opening a new connection, currently in state closed
[0m11:01:09.043548 [debug] [Thread-2 (]: SQL status: SELECT 1 in 0.244 seconds
[0m11:01:09.046546 [debug] [Thread-2 (]: On test.olist_analytics.unique_int__unique_zip_codes_zip_code_prefix.0e64b005d1: ROLLBACK
[0m11:01:09.048060 [debug] [Thread-2 (]: On test.olist_analytics.unique_int__unique_zip_codes_zip_code_prefix.0e64b005d1: Close
[0m11:01:09.049060 [info ] [Thread-2 (]: 10 of 43 PASS unique_int__unique_zip_codes_zip_code_prefix ..................... [[32mPASS[0m in 0.33s]
[0m11:01:09.051142 [debug] [Thread-2 (]: Finished running node test.olist_analytics.unique_int__unique_zip_codes_zip_code_prefix.0e64b005d1
[0m11:01:09.052151 [debug] [Thread-2 (]: Began running node test.olist_analytics.not_null_stg__customers_customer_id.a86167f4b7
[0m11:01:09.053155 [info ] [Thread-2 (]: 15 of 43 START test not_null_stg__customers_customer_id ........................ [RUN]
[0m11:01:09.054151 [debug] [Thread-2 (]: Re-using an available connection from the pool (formerly test.olist_analytics.unique_int__unique_zip_codes_zip_code_prefix.0e64b005d1, now test.olist_analytics.not_null_stg__customers_customer_id.a86167f4b7)
[0m11:01:09.055152 [debug] [Thread-2 (]: Began compiling node test.olist_analytics.not_null_stg__customers_customer_id.a86167f4b7
[0m11:01:09.063950 [debug] [Thread-2 (]: Writing injected SQL for node "test.olist_analytics.not_null_stg__customers_customer_id.a86167f4b7"
[0m11:01:09.063950 [debug] [Thread-3 (]: SQL status: SELECT 1 in 0.034 seconds
[0m11:01:09.064949 [debug] [Thread-4 (]: SQL status: SELECT 1 in 0.031 seconds
[0m11:01:09.067465 [debug] [Thread-3 (]: On test.olist_analytics.not_null_stg__order_items_order_id.8729c05f71: ROLLBACK
[0m11:01:09.069973 [debug] [Thread-4 (]: On test.olist_analytics.not_null_stg__order_items_order_item.75ff26d0cf: ROLLBACK
[0m11:01:09.071025 [debug] [Thread-2 (]: Began executing node test.olist_analytics.not_null_stg__customers_customer_id.a86167f4b7
[0m11:01:09.072040 [debug] [Thread-4 (]: On test.olist_analytics.not_null_stg__order_items_order_item.75ff26d0cf: Close
[0m11:01:09.077054 [debug] [Thread-2 (]: Writing runtime sql for node "test.olist_analytics.not_null_stg__customers_customer_id.a86167f4b7"
[0m11:01:09.078068 [debug] [Thread-3 (]: On test.olist_analytics.not_null_stg__order_items_order_id.8729c05f71: Close
[0m11:01:09.079033 [info ] [Thread-4 (]: 14 of 43 PASS not_null_stg__order_items_order_item ............................. [[32mPASS[0m in 0.08s]
[0m11:01:09.081659 [debug] [Thread-4 (]: Finished running node test.olist_analytics.not_null_stg__order_items_order_item.75ff26d0cf
[0m11:01:09.082458 [debug] [Thread-4 (]: Began running node test.olist_analytics.unique_stg__customers_customer_id.eb1c652d46
[0m11:01:09.083668 [info ] [Thread-3 (]: 13 of 43 PASS not_null_stg__order_items_order_id ............................... [[32mPASS[0m in 0.11s]
[0m11:01:09.085668 [debug] [Thread-3 (]: Finished running node test.olist_analytics.not_null_stg__order_items_order_id.8729c05f71
[0m11:01:09.086668 [debug] [Thread-2 (]: Using postgres connection "test.olist_analytics.not_null_stg__customers_customer_id.a86167f4b7"
[0m11:01:09.084667 [info ] [Thread-4 (]: 16 of 43 START test unique_stg__customers_customer_id .......................... [RUN]
[0m11:01:09.089208 [debug] [Thread-3 (]: Began running node test.olist_analytics.not_null_stg__order_payments_order_id.64647d9958
[0m11:01:09.090703 [debug] [Thread-2 (]: On test.olist_analytics.not_null_stg__customers_customer_id.a86167f4b7: /* {"app": "dbt", "dbt_version": "1.12.3", "profile_name": "default", "target_name": "dev", "node_id": "test.olist_analytics.not_null_stg__customers_customer_id.a86167f4b7"} */

    
    select
      count(*) as failures,
      count(*) != 0 as should_warn,
      count(*) != 0 as should_error
    from (
      
    
    
    
    



select customer_id
from "olist_db"."dev_stg"."stg__customers"
where customer_id is null



    
  
    
    ) dbt_internal_test
[0m11:01:09.091210 [debug] [Thread-4 (]: Re-using an available connection from the pool (formerly test.olist_analytics.not_null_stg__order_items_order_item.75ff26d0cf, now test.olist_analytics.unique_stg__customers_customer_id.eb1c652d46)
[0m11:01:09.092219 [debug] [Thread-2 (]: Opening a new connection, currently in state closed
[0m11:01:09.091210 [info ] [Thread-3 (]: 17 of 43 START test not_null_stg__order_payments_order_id ...................... [RUN]
[0m11:01:09.093224 [debug] [Thread-4 (]: Began compiling node test.olist_analytics.unique_stg__customers_customer_id.eb1c652d46
[0m11:01:09.094226 [debug] [Thread-3 (]: Re-using an available connection from the pool (formerly test.olist_analytics.not_null_stg__order_items_order_id.8729c05f71, now test.olist_analytics.not_null_stg__order_payments_order_id.64647d9958)
[0m11:01:09.110121 [debug] [Thread-4 (]: Writing injected SQL for node "test.olist_analytics.unique_stg__customers_customer_id.eb1c652d46"
[0m11:01:09.111135 [debug] [Thread-3 (]: Began compiling node test.olist_analytics.not_null_stg__order_payments_order_id.64647d9958
[0m11:01:09.120194 [debug] [Thread-3 (]: Writing injected SQL for node "test.olist_analytics.not_null_stg__order_payments_order_id.64647d9958"
[0m11:01:09.121205 [debug] [Thread-2 (]: SQL status: SELECT 1 in 0.029 seconds
[0m11:01:09.123948 [debug] [Thread-2 (]: On test.olist_analytics.not_null_stg__customers_customer_id.a86167f4b7: ROLLBACK
[0m11:01:09.126483 [debug] [Thread-3 (]: Began executing node test.olist_analytics.not_null_stg__order_payments_order_id.64647d9958
[0m11:01:09.127475 [debug] [Thread-2 (]: On test.olist_analytics.not_null_stg__customers_customer_id.a86167f4b7: Close
[0m11:01:09.128477 [debug] [Thread-4 (]: Began executing node test.olist_analytics.unique_stg__customers_customer_id.eb1c652d46
[0m11:01:09.130983 [debug] [Thread-3 (]: Writing runtime sql for node "test.olist_analytics.not_null_stg__order_payments_order_id.64647d9958"
[0m11:01:09.133988 [debug] [Thread-4 (]: Writing runtime sql for node "test.olist_analytics.unique_stg__customers_customer_id.eb1c652d46"
[0m11:01:09.133988 [info ] [Thread-2 (]: 15 of 43 PASS not_null_stg__customers_customer_id .............................. [[32mPASS[0m in 0.08s]
[0m11:01:09.136504 [debug] [Thread-2 (]: Finished running node test.olist_analytics.not_null_stg__customers_customer_id.a86167f4b7
[0m11:01:09.138511 [debug] [Thread-2 (]: Began running node test.olist_analytics.not_null_stg__order_reviews_review_id.8d5e1ef1b2
[0m11:01:09.139508 [debug] [Thread-3 (]: Using postgres connection "test.olist_analytics.not_null_stg__order_payments_order_id.64647d9958"
[0m11:01:09.139508 [info ] [Thread-2 (]: 18 of 43 START test not_null_stg__order_reviews_review_id ...................... [RUN]
[0m11:01:09.141015 [debug] [Thread-3 (]: On test.olist_analytics.not_null_stg__order_payments_order_id.64647d9958: /* {"app": "dbt", "dbt_version": "1.12.3", "profile_name": "default", "target_name": "dev", "node_id": "test.olist_analytics.not_null_stg__order_payments_order_id.64647d9958"} */

    
    select
      count(*) as failures,
      count(*) != 0 as should_warn,
      count(*) != 0 as should_error
    from (
      
    
    
    
    



select order_id
from "olist_db"."dev_stg"."stg__order_payments"
where order_id is null



    
  
    
    ) dbt_internal_test
[0m11:01:09.142381 [debug] [Thread-2 (]: Re-using an available connection from the pool (formerly test.olist_analytics.not_null_stg__customers_customer_id.a86167f4b7, now test.olist_analytics.not_null_stg__order_reviews_review_id.8d5e1ef1b2)
[0m11:01:09.143024 [debug] [Thread-3 (]: Opening a new connection, currently in state closed
[0m11:01:09.144028 [debug] [Thread-4 (]: Using postgres connection "test.olist_analytics.unique_stg__customers_customer_id.eb1c652d46"
[0m11:01:09.144028 [debug] [Thread-2 (]: Began compiling node test.olist_analytics.not_null_stg__order_reviews_review_id.8d5e1ef1b2
[0m11:01:09.145024 [debug] [Thread-4 (]: On test.olist_analytics.unique_stg__customers_customer_id.eb1c652d46: /* {"app": "dbt", "dbt_version": "1.12.3", "profile_name": "default", "target_name": "dev", "node_id": "test.olist_analytics.unique_stg__customers_customer_id.eb1c652d46"} */

    
    select
      count(*) as failures,
      count(*) != 0 as should_warn,
      count(*) != 0 as should_error
    from (
      
    
    
    
    

select
    customer_id as unique_field,
    count(*) as n_records

from "olist_db"."dev_stg"."stg__customers"
where customer_id is not null
group by customer_id
having count(*) > 1



    
  
    
    ) dbt_internal_test
[0m11:01:09.146239 [debug] [Thread-1 (]: SQL status: SELECT 1 in 0.339 seconds
[0m11:01:09.162731 [debug] [Thread-2 (]: Writing injected SQL for node "test.olist_analytics.not_null_stg__order_reviews_review_id.8d5e1ef1b2"
[0m11:01:09.162731 [debug] [Thread-4 (]: Opening a new connection, currently in state closed
[0m11:01:09.165739 [debug] [Thread-1 (]: On test.olist_analytics.unique_stg__geolocations_zip_code_prefix.d6c6cbb486: ROLLBACK
[0m11:01:09.165739 [debug] [Thread-3 (]: SQL status: SELECT 1 in 0.023 seconds
[0m11:01:09.168739 [debug] [Thread-3 (]: On test.olist_analytics.not_null_stg__order_payments_order_id.64647d9958: ROLLBACK
[0m11:01:09.168739 [debug] [Thread-1 (]: On test.olist_analytics.unique_stg__geolocations_zip_code_prefix.d6c6cbb486: Close
[0m11:01:09.173802 [debug] [Thread-2 (]: Began executing node test.olist_analytics.not_null_stg__order_reviews_review_id.8d5e1ef1b2
[0m11:01:09.173802 [warn ] [Thread-1 (]: 12 of 43 WARN 17972 unique_stg__geolocations_zip_code_prefix ................... [[33mWARN 17972[0m in 0.40s]
[0m11:01:09.175809 [debug] [Thread-3 (]: On test.olist_analytics.not_null_stg__order_payments_order_id.64647d9958: Close
[0m11:01:09.178822 [debug] [Thread-2 (]: Writing runtime sql for node "test.olist_analytics.not_null_stg__order_reviews_review_id.8d5e1ef1b2"
[0m11:01:09.178822 [debug] [Thread-1 (]: Finished running node test.olist_analytics.unique_stg__geolocations_zip_code_prefix.d6c6cbb486
[0m11:01:09.181336 [debug] [Thread-1 (]: Began running node test.olist_analytics.not_null_stg__products_product_id.f87592efd7
[0m11:01:09.180328 [info ] [Thread-3 (]: 17 of 43 PASS not_null_stg__order_payments_order_id ............................ [[32mPASS[0m in 0.09s]
[0m11:01:09.182508 [info ] [Thread-1 (]: 19 of 43 START test not_null_stg__products_product_id .......................... [RUN]
[0m11:01:09.183507 [debug] [Thread-3 (]: Finished running node test.olist_analytics.not_null_stg__order_payments_order_id.64647d9958
[0m11:01:09.184528 [debug] [Thread-1 (]: Re-using an available connection from the pool (formerly test.olist_analytics.unique_stg__geolocations_zip_code_prefix.d6c6cbb486, now test.olist_analytics.not_null_stg__products_product_id.f87592efd7)
[0m11:01:09.185507 [debug] [Thread-2 (]: Using postgres connection "test.olist_analytics.not_null_stg__order_reviews_review_id.8d5e1ef1b2"
[0m11:01:09.185507 [debug] [Thread-3 (]: Began running node test.olist_analytics.unique_stg__products_product_id.97526b5195
[0m11:01:09.186509 [debug] [Thread-1 (]: Began compiling node test.olist_analytics.not_null_stg__products_product_id.f87592efd7
[0m11:01:09.187507 [debug] [Thread-2 (]: On test.olist_analytics.not_null_stg__order_reviews_review_id.8d5e1ef1b2: /* {"app": "dbt", "dbt_version": "1.12.3", "profile_name": "default", "target_name": "dev", "node_id": "test.olist_analytics.not_null_stg__order_reviews_review_id.8d5e1ef1b2"} */

    
    select
      count(*) as failures,
      count(*) != 0 as should_warn,
      count(*) != 0 as should_error
    from (
      
    
    
    
    



select review_id
from "olist_db"."dev_stg"."stg__order_reviews"
where review_id is null



    
  
    
    ) dbt_internal_test
[0m11:01:09.201245 [debug] [Thread-1 (]: Writing injected SQL for node "test.olist_analytics.not_null_stg__products_product_id.f87592efd7"
[0m11:01:09.188506 [info ] [Thread-3 (]: 20 of 43 START test unique_stg__products_product_id ............................ [RUN]
[0m11:01:09.201770 [debug] [Thread-2 (]: Opening a new connection, currently in state closed
[0m11:01:09.202776 [debug] [Thread-3 (]: Re-using an available connection from the pool (formerly test.olist_analytics.not_null_stg__order_payments_order_id.64647d9958, now test.olist_analytics.unique_stg__products_product_id.97526b5195)
[0m11:01:09.203777 [debug] [Thread-3 (]: Began compiling node test.olist_analytics.unique_stg__products_product_id.97526b5195
[0m11:01:09.204776 [debug] [Thread-1 (]: Began executing node test.olist_analytics.not_null_stg__products_product_id.f87592efd7
[0m11:01:09.223442 [debug] [Thread-3 (]: Writing injected SQL for node "test.olist_analytics.unique_stg__products_product_id.97526b5195"
[0m11:01:09.226454 [debug] [Thread-1 (]: Writing runtime sql for node "test.olist_analytics.not_null_stg__products_product_id.f87592efd7"
[0m11:01:09.227453 [debug] [Thread-2 (]: SQL status: SELECT 1 in 0.026 seconds
[0m11:01:09.230441 [debug] [Thread-2 (]: On test.olist_analytics.not_null_stg__order_reviews_review_id.8d5e1ef1b2: ROLLBACK
[0m11:01:09.230965 [debug] [Thread-1 (]: Using postgres connection "test.olist_analytics.not_null_stg__products_product_id.f87592efd7"
[0m11:01:09.232613 [debug] [Thread-2 (]: On test.olist_analytics.not_null_stg__order_reviews_review_id.8d5e1ef1b2: Close
[0m11:01:09.232613 [debug] [Thread-3 (]: Began executing node test.olist_analytics.unique_stg__products_product_id.97526b5195
[0m11:01:09.233626 [debug] [Thread-1 (]: On test.olist_analytics.not_null_stg__products_product_id.f87592efd7: /* {"app": "dbt", "dbt_version": "1.12.3", "profile_name": "default", "target_name": "dev", "node_id": "test.olist_analytics.not_null_stg__products_product_id.f87592efd7"} */

    
    select
      count(*) as failures,
      count(*) != 0 as should_warn,
      count(*) != 0 as should_error
    from (
      
    
    
    
    



select product_id
from "olist_db"."dev_stg"."stg__products"
where product_id is null



    
  
    
    ) dbt_internal_test
[0m11:01:09.237620 [debug] [Thread-3 (]: Writing runtime sql for node "test.olist_analytics.unique_stg__products_product_id.97526b5195"
[0m11:01:09.238621 [debug] [Thread-1 (]: Opening a new connection, currently in state closed
[0m11:01:09.238621 [info ] [Thread-2 (]: 18 of 43 PASS not_null_stg__order_reviews_review_id ............................ [[32mPASS[0m in 0.10s]
[0m11:01:09.240133 [debug] [Thread-2 (]: Finished running node test.olist_analytics.not_null_stg__order_reviews_review_id.8d5e1ef1b2
[0m11:01:09.241140 [debug] [Thread-2 (]: Began running node test.olist_analytics.not_null_stg__orders_order_id.4c0de21e40
[0m11:01:09.242443 [info ] [Thread-2 (]: 21 of 43 START test not_null_stg__orders_order_id .............................. [RUN]
[0m11:01:09.243959 [debug] [Thread-2 (]: Re-using an available connection from the pool (formerly test.olist_analytics.not_null_stg__order_reviews_review_id.8d5e1ef1b2, now test.olist_analytics.not_null_stg__orders_order_id.4c0de21e40)
[0m11:01:09.244964 [debug] [Thread-3 (]: Using postgres connection "test.olist_analytics.unique_stg__products_product_id.97526b5195"
[0m11:01:09.244964 [debug] [Thread-2 (]: Began compiling node test.olist_analytics.not_null_stg__orders_order_id.4c0de21e40
[0m11:01:09.245961 [debug] [Thread-3 (]: On test.olist_analytics.unique_stg__products_product_id.97526b5195: /* {"app": "dbt", "dbt_version": "1.12.3", "profile_name": "default", "target_name": "dev", "node_id": "test.olist_analytics.unique_stg__products_product_id.97526b5195"} */

    
    select
      count(*) as failures,
      count(*) != 0 as should_warn,
      count(*) != 0 as should_error
    from (
      
    
    
    
    

select
    product_id as unique_field,
    count(*) as n_records

from "olist_db"."dev_stg"."stg__products"
where product_id is not null
group by product_id
having count(*) > 1



    
  
    
    ) dbt_internal_test
[0m11:01:09.255775 [debug] [Thread-2 (]: Writing injected SQL for node "test.olist_analytics.not_null_stg__orders_order_id.4c0de21e40"
[0m11:01:09.255775 [debug] [Thread-3 (]: Opening a new connection, currently in state closed
[0m11:01:09.257773 [debug] [Thread-2 (]: Began executing node test.olist_analytics.not_null_stg__orders_order_id.4c0de21e40
[0m11:01:09.261300 [debug] [Thread-2 (]: Writing runtime sql for node "test.olist_analytics.not_null_stg__orders_order_id.4c0de21e40"
[0m11:01:09.261810 [debug] [Thread-1 (]: SQL status: SELECT 1 in 0.023 seconds
[0m11:01:09.263828 [debug] [Thread-1 (]: On test.olist_analytics.not_null_stg__products_product_id.f87592efd7: ROLLBACK
[0m11:01:09.264851 [debug] [Thread-2 (]: Using postgres connection "test.olist_analytics.not_null_stg__orders_order_id.4c0de21e40"
[0m11:01:09.264851 [debug] [Thread-1 (]: On test.olist_analytics.not_null_stg__products_product_id.f87592efd7: Close
[0m11:01:09.266382 [debug] [Thread-2 (]: On test.olist_analytics.not_null_stg__orders_order_id.4c0de21e40: /* {"app": "dbt", "dbt_version": "1.12.3", "profile_name": "default", "target_name": "dev", "node_id": "test.olist_analytics.not_null_stg__orders_order_id.4c0de21e40"} */

    
    select
      count(*) as failures,
      count(*) != 0 as should_warn,
      count(*) != 0 as should_error
    from (
      
    
    
    
    



select order_id
from "olist_db"."dev_stg"."stg__orders"
where order_id is null



    
  
    
    ) dbt_internal_test
[0m11:01:09.268956 [debug] [Thread-2 (]: Opening a new connection, currently in state closed
[0m11:01:09.267946 [info ] [Thread-1 (]: 19 of 43 PASS not_null_stg__products_product_id ................................ [[32mPASS[0m in 0.08s]
[0m11:01:09.270991 [debug] [Thread-1 (]: Finished running node test.olist_analytics.not_null_stg__products_product_id.f87592efd7
[0m11:01:09.272442 [debug] [Thread-1 (]: Began running node test.olist_analytics.unique_stg__orders_order_id.fc4ea352a1
[0m11:01:09.274005 [info ] [Thread-1 (]: 22 of 43 START test unique_stg__orders_order_id ................................ [RUN]
[0m11:01:09.277008 [debug] [Thread-1 (]: Re-using an available connection from the pool (formerly test.olist_analytics.not_null_stg__products_product_id.f87592efd7, now test.olist_analytics.unique_stg__orders_order_id.fc4ea352a1)
[0m11:01:09.278000 [debug] [Thread-1 (]: Began compiling node test.olist_analytics.unique_stg__orders_order_id.fc4ea352a1
[0m11:01:09.288627 [debug] [Thread-1 (]: Writing injected SQL for node "test.olist_analytics.unique_stg__orders_order_id.fc4ea352a1"
[0m11:01:09.293197 [debug] [Thread-1 (]: Began executing node test.olist_analytics.unique_stg__orders_order_id.fc4ea352a1
[0m11:01:09.296197 [debug] [Thread-1 (]: Writing runtime sql for node "test.olist_analytics.unique_stg__orders_order_id.fc4ea352a1"
[0m11:01:09.298202 [debug] [Thread-1 (]: Using postgres connection "test.olist_analytics.unique_stg__orders_order_id.fc4ea352a1"
[0m11:01:09.299222 [debug] [Thread-1 (]: On test.olist_analytics.unique_stg__orders_order_id.fc4ea352a1: /* {"app": "dbt", "dbt_version": "1.12.3", "profile_name": "default", "target_name": "dev", "node_id": "test.olist_analytics.unique_stg__orders_order_id.fc4ea352a1"} */

    
    select
      count(*) as failures,
      count(*) != 0 as should_warn,
      count(*) != 0 as should_error
    from (
      
    
    
    
    

select
    order_id as unique_field,
    count(*) as n_records

from "olist_db"."dev_stg"."stg__orders"
where order_id is not null
group by order_id
having count(*) > 1



    
  
    
    ) dbt_internal_test
[0m11:01:09.299222 [debug] [Thread-1 (]: Opening a new connection, currently in state closed
[0m11:01:09.300197 [debug] [Thread-2 (]: SQL status: SELECT 1 in 0.031 seconds
[0m11:01:09.303582 [debug] [Thread-2 (]: On test.olist_analytics.not_null_stg__orders_order_id.4c0de21e40: ROLLBACK
[0m11:01:09.307583 [debug] [Thread-2 (]: On test.olist_analytics.not_null_stg__orders_order_id.4c0de21e40: Close
[0m11:01:09.308589 [debug] [Thread-4 (]: SQL status: SELECT 1 in 0.145 seconds
[0m11:01:09.311617 [debug] [Thread-4 (]: On test.olist_analytics.unique_stg__customers_customer_id.eb1c652d46: ROLLBACK
[0m11:01:09.312602 [info ] [Thread-2 (]: 21 of 43 PASS not_null_stg__orders_order_id .................................... [[32mPASS[0m in 0.07s]
[0m11:01:09.314110 [debug] [Thread-2 (]: Finished running node test.olist_analytics.not_null_stg__orders_order_id.4c0de21e40
[0m11:01:09.314110 [debug] [Thread-4 (]: On test.olist_analytics.unique_stg__customers_customer_id.eb1c652d46: Close
[0m11:01:09.314110 [debug] [Thread-2 (]: Began running node test.olist_analytics.not_null_stg__sellers_seller_id.074a858786
[0m11:01:09.315646 [info ] [Thread-2 (]: 23 of 43 START test not_null_stg__sellers_seller_id ............................ [RUN]
[0m11:01:09.318666 [debug] [Thread-2 (]: Re-using an available connection from the pool (formerly test.olist_analytics.not_null_stg__orders_order_id.4c0de21e40, now test.olist_analytics.not_null_stg__sellers_seller_id.074a858786)
[0m11:01:09.316654 [info ] [Thread-4 (]: 16 of 43 PASS unique_stg__customers_customer_id ................................ [[32mPASS[0m in 0.23s]
[0m11:01:09.318666 [debug] [Thread-2 (]: Began compiling node test.olist_analytics.not_null_stg__sellers_seller_id.074a858786
[0m11:01:09.321190 [debug] [Thread-4 (]: Finished running node test.olist_analytics.unique_stg__customers_customer_id.eb1c652d46
[0m11:01:09.330281 [debug] [Thread-2 (]: Writing injected SQL for node "test.olist_analytics.not_null_stg__sellers_seller_id.074a858786"
[0m11:01:09.331745 [debug] [Thread-4 (]: Began running node test.olist_analytics.unique_stg__sellers_seller_id.1e789b1ae5
[0m11:01:09.332751 [debug] [Thread-3 (]: SQL status: SELECT 1 in 0.077 seconds
[0m11:01:09.333391 [info ] [Thread-4 (]: 24 of 43 START test unique_stg__sellers_seller_id .............................. [RUN]
[0m11:01:09.336400 [debug] [Thread-3 (]: On test.olist_analytics.unique_stg__products_product_id.97526b5195: ROLLBACK
[0m11:01:09.338412 [debug] [Thread-4 (]: Re-using an available connection from the pool (formerly test.olist_analytics.unique_stg__customers_customer_id.eb1c652d46, now test.olist_analytics.unique_stg__sellers_seller_id.1e789b1ae5)
[0m11:01:09.339406 [debug] [Thread-2 (]: Began executing node test.olist_analytics.not_null_stg__sellers_seller_id.074a858786
[0m11:01:09.340401 [debug] [Thread-4 (]: Began compiling node test.olist_analytics.unique_stg__sellers_seller_id.1e789b1ae5
[0m11:01:09.342930 [debug] [Thread-2 (]: Writing runtime sql for node "test.olist_analytics.not_null_stg__sellers_seller_id.074a858786"
[0m11:01:09.343931 [debug] [Thread-3 (]: On test.olist_analytics.unique_stg__products_product_id.97526b5195: Close
[0m11:01:09.353474 [debug] [Thread-4 (]: Writing injected SQL for node "test.olist_analytics.unique_stg__sellers_seller_id.1e789b1ae5"
[0m11:01:09.355009 [info ] [Thread-3 (]: 20 of 43 PASS unique_stg__products_product_id .................................. [[32mPASS[0m in 0.15s]
[0m11:01:09.357013 [debug] [Thread-3 (]: Finished running node test.olist_analytics.unique_stg__products_product_id.97526b5195
[0m11:01:09.359012 [debug] [Thread-3 (]: Began running node model.olist_analytics.fct_order_payments
[0m11:01:09.361085 [debug] [Thread-2 (]: Using postgres connection "test.olist_analytics.not_null_stg__sellers_seller_id.074a858786"
[0m11:01:09.363092 [debug] [Thread-4 (]: Began executing node test.olist_analytics.unique_stg__sellers_seller_id.1e789b1ae5
[0m11:01:09.364093 [debug] [Thread-2 (]: On test.olist_analytics.not_null_stg__sellers_seller_id.074a858786: /* {"app": "dbt", "dbt_version": "1.12.3", "profile_name": "default", "target_name": "dev", "node_id": "test.olist_analytics.not_null_stg__sellers_seller_id.074a858786"} */

    
    select
      count(*) as failures,
      count(*) != 0 as should_warn,
      count(*) != 0 as should_error
    from (
      
    
    
    
    



select seller_id
from "olist_db"."dev_stg"."stg__sellers"
where seller_id is null



    
  
    
    ) dbt_internal_test
[0m11:01:09.362598 [info ] [Thread-3 (]: 25 of 43 START sql table model dev_marts.fct_order_payments .................... [RUN]
[0m11:01:09.367093 [debug] [Thread-4 (]: Writing runtime sql for node "test.olist_analytics.unique_stg__sellers_seller_id.1e789b1ae5"
[0m11:01:09.368092 [debug] [Thread-2 (]: Opening a new connection, currently in state closed
[0m11:01:09.368092 [debug] [Thread-3 (]: Re-using an available connection from the pool (formerly test.olist_analytics.unique_stg__products_product_id.97526b5195, now model.olist_analytics.fct_order_payments)
[0m11:01:09.369097 [debug] [Thread-3 (]: Began compiling node model.olist_analytics.fct_order_payments
[0m11:01:09.375759 [debug] [Thread-3 (]: Writing injected SQL for node "model.olist_analytics.fct_order_payments"
[0m11:01:09.377757 [debug] [Thread-4 (]: Using postgres connection "test.olist_analytics.unique_stg__sellers_seller_id.1e789b1ae5"
[0m11:01:09.378761 [debug] [Thread-4 (]: On test.olist_analytics.unique_stg__sellers_seller_id.1e789b1ae5: /* {"app": "dbt", "dbt_version": "1.12.3", "profile_name": "default", "target_name": "dev", "node_id": "test.olist_analytics.unique_stg__sellers_seller_id.1e789b1ae5"} */

    
    select
      count(*) as failures,
      count(*) != 0 as should_warn,
      count(*) != 0 as should_error
    from (
      
    
    
    
    

select
    seller_id as unique_field,
    count(*) as n_records

from "olist_db"."dev_stg"."stg__sellers"
where seller_id is not null
group by seller_id
having count(*) > 1



    
  
    
    ) dbt_internal_test
[0m11:01:09.378761 [debug] [Thread-4 (]: Opening a new connection, currently in state closed
[0m11:01:09.382621 [debug] [Thread-3 (]: Began executing node model.olist_analytics.fct_order_payments
[0m11:01:09.418764 [debug] [Thread-3 (]: Writing runtime sql for node "model.olist_analytics.fct_order_payments"
[0m11:01:09.418764 [debug] [Thread-2 (]: SQL status: SELECT 1 in 0.052 seconds
[0m11:01:09.420270 [debug] [Thread-4 (]: SQL status: SELECT 1 in 0.041 seconds
[0m11:01:09.421779 [debug] [Thread-2 (]: On test.olist_analytics.not_null_stg__sellers_seller_id.074a858786: ROLLBACK
[0m11:01:09.424200 [debug] [Thread-4 (]: On test.olist_analytics.unique_stg__sellers_seller_id.1e789b1ae5: ROLLBACK
[0m11:01:09.426198 [debug] [Thread-2 (]: On test.olist_analytics.not_null_stg__sellers_seller_id.074a858786: Close
[0m11:01:09.427208 [debug] [Thread-4 (]: On test.olist_analytics.unique_stg__sellers_seller_id.1e789b1ae5: Close
[0m11:01:09.428203 [info ] [Thread-2 (]: 23 of 43 PASS not_null_stg__sellers_seller_id .................................. [[32mPASS[0m in 0.11s]
[0m11:01:09.430714 [debug] [Thread-3 (]: Using postgres connection "model.olist_analytics.fct_order_payments"
[0m11:01:09.432228 [debug] [Thread-2 (]: Finished running node test.olist_analytics.not_null_stg__sellers_seller_id.074a858786
[0m11:01:09.429202 [info ] [Thread-4 (]: 24 of 43 PASS unique_stg__sellers_seller_id .................................... [[32mPASS[0m in 0.09s]
[0m11:01:09.433226 [debug] [Thread-3 (]: On model.olist_analytics.fct_order_payments: /* {"app": "dbt", "dbt_version": "1.12.3", "profile_name": "default", "target_name": "dev", "node_id": "model.olist_analytics.fct_order_payments"} */

    
    

  create  table "olist_db"."dev_marts"."fct_order_payments__dbt_tmp"
    
    
    as
  
  (
    with source as (
    select * from "olist_db"."dev_stg"."stg__order_payments"
),

final as (
    select
        order_id,
        payment_type,
        payment_installments,
        payment_value
    from source
)

select * from final
  );
  
[0m11:01:09.433226 [debug] [Thread-2 (]: Began running node model.olist_analytics.fct_order_reviews
[0m11:01:09.434227 [debug] [Thread-4 (]: Finished running node test.olist_analytics.unique_stg__sellers_seller_id.1e789b1ae5
[0m11:01:09.435230 [debug] [Thread-3 (]: Opening a new connection, currently in state closed
[0m11:01:09.436335 [debug] [Thread-4 (]: Began running node model.olist_analytics.dim_customers
[0m11:01:09.435230 [info ] [Thread-2 (]: 26 of 43 START sql table model dev_marts.fct_order_reviews ..................... [RUN]
[0m11:01:09.438339 [debug] [Thread-2 (]: Re-using an available connection from the pool (formerly test.olist_analytics.not_null_stg__sellers_seller_id.074a858786, now model.olist_analytics.fct_order_reviews)
[0m11:01:09.437338 [info ] [Thread-4 (]: 27 of 43 START sql table model dev_marts.dim_customers ......................... [RUN]
[0m11:01:09.439336 [debug] [Thread-2 (]: Began compiling node model.olist_analytics.fct_order_reviews
[0m11:01:09.440336 [debug] [Thread-4 (]: Re-using an available connection from the pool (formerly test.olist_analytics.unique_stg__sellers_seller_id.1e789b1ae5, now model.olist_analytics.dim_customers)
[0m11:01:09.445449 [debug] [Thread-2 (]: Writing injected SQL for node "model.olist_analytics.fct_order_reviews"
[0m11:01:09.446426 [debug] [Thread-4 (]: Began compiling node model.olist_analytics.dim_customers
[0m11:01:09.458449 [debug] [Thread-4 (]: Writing injected SQL for node "model.olist_analytics.dim_customers"
[0m11:01:09.459445 [debug] [Thread-2 (]: Began executing node model.olist_analytics.fct_order_reviews
[0m11:01:09.465773 [debug] [Thread-2 (]: Writing runtime sql for node "model.olist_analytics.fct_order_reviews"
[0m11:01:09.467284 [debug] [Thread-1 (]: SQL status: SELECT 1 in 0.168 seconds
[0m11:01:09.470289 [debug] [Thread-1 (]: On test.olist_analytics.unique_stg__orders_order_id.fc4ea352a1: ROLLBACK
[0m11:01:09.471333 [debug] [Thread-4 (]: Began executing node model.olist_analytics.dim_customers
[0m11:01:09.472340 [debug] [Thread-2 (]: Using postgres connection "model.olist_analytics.fct_order_reviews"
[0m11:01:09.473342 [debug] [Thread-1 (]: On test.olist_analytics.unique_stg__orders_order_id.fc4ea352a1: Close
[0m11:01:09.478891 [debug] [Thread-4 (]: Writing runtime sql for node "model.olist_analytics.dim_customers"
[0m11:01:09.478891 [debug] [Thread-2 (]: On model.olist_analytics.fct_order_reviews: /* {"app": "dbt", "dbt_version": "1.12.3", "profile_name": "default", "target_name": "dev", "node_id": "model.olist_analytics.fct_order_reviews"} */

    
    

  create  table "olist_db"."dev_marts"."fct_order_reviews__dbt_tmp"
    
    
    as
  
  (
    with source as (
    select * from "olist_db"."dev_stg"."stg__order_reviews"
),

final as (
    select 
        review_id,
        order_id,
        review_dt,
        review_score
    from source
)

select * from final
  );
  
[0m11:01:09.480918 [debug] [Thread-2 (]: Opening a new connection, currently in state closed
[0m11:01:09.480918 [info ] [Thread-1 (]: 22 of 43 PASS unique_stg__orders_order_id ...................................... [[32mPASS[0m in 0.20s]
[0m11:01:09.482928 [debug] [Thread-1 (]: Finished running node test.olist_analytics.unique_stg__orders_order_id.fc4ea352a1
[0m11:01:09.483926 [debug] [Thread-1 (]: Began running node model.olist_analytics.dim_products
[0m11:01:09.486930 [debug] [Thread-4 (]: Using postgres connection "model.olist_analytics.dim_customers"
[0m11:01:09.484927 [info ] [Thread-1 (]: 28 of 43 START sql table model dev_marts.dim_products .......................... [RUN]
[0m11:01:09.490967 [debug] [Thread-4 (]: On model.olist_analytics.dim_customers: /* {"app": "dbt", "dbt_version": "1.12.3", "profile_name": "default", "target_name": "dev", "node_id": "model.olist_analytics.dim_customers"} */

    
    

  create  table "olist_db"."dev_marts"."dim_customers__dbt_tmp"
    
    
    as
  
  (
    with  __dbt__cte__int__unique_zip_codes as (
with source as (
    select
        zip_code_prefix,
        max(uf) as uf,
        max(cidade) as cidade
    from dev_stg.stg__geolocations
    group by
        zip_code_prefix
)

select * from source
), customers as (
    select * from "olist_db"."dev_stg"."stg__customers"
),

geolocations as (
    select * from __dbt__cte__int__unique_zip_codes
),

final as (
    select
        customers.customer_id,
        customers.customer_unique_id,
        customers.zip_code_prefix,
        geolocations.uf,
        geolocations.cidade
    from customers
    left join geolocations on customers.zip_code_prefix = geolocations.zip_code_prefix
)

select * from final
  );
  
[0m11:01:09.490967 [debug] [Thread-1 (]: Re-using an available connection from the pool (formerly test.olist_analytics.unique_stg__orders_order_id.fc4ea352a1, now model.olist_analytics.dim_products)
[0m11:01:09.491979 [debug] [Thread-4 (]: Opening a new connection, currently in state closed
[0m11:01:09.492973 [debug] [Thread-1 (]: Began compiling node model.olist_analytics.dim_products
[0m11:01:09.494975 [debug] [Thread-1 (]: Writing injected SQL for node "model.olist_analytics.dim_products"
[0m11:01:09.497252 [debug] [Thread-1 (]: Began executing node model.olist_analytics.dim_products
[0m11:01:09.504287 [debug] [Thread-1 (]: Writing runtime sql for node "model.olist_analytics.dim_products"
[0m11:01:09.506286 [debug] [Thread-1 (]: Using postgres connection "model.olist_analytics.dim_products"
[0m11:01:09.508302 [debug] [Thread-1 (]: On model.olist_analytics.dim_products: /* {"app": "dbt", "dbt_version": "1.12.3", "profile_name": "default", "target_name": "dev", "node_id": "model.olist_analytics.dim_products"} */

    
    

  create  table "olist_db"."dev_marts"."dim_products__dbt_tmp"
    
    
    as
  
  (
    with source as (
    select * from "olist_db"."dev_stg"."stg__products"
),

final as (
    select
        product_id,
        product_category
    from source
)

select * from final
  );
  
[0m11:01:09.510283 [debug] [Thread-1 (]: Opening a new connection, currently in state closed
[0m11:01:09.714269 [debug] [Thread-1 (]: SQL status: SELECT 32951 in 0.205 seconds
[0m11:01:09.726361 [debug] [Thread-1 (]: Using postgres connection "model.olist_analytics.dim_products"
[0m11:01:09.727362 [debug] [Thread-1 (]: On model.olist_analytics.dim_products: /* {"app": "dbt", "dbt_version": "1.12.3", "profile_name": "default", "target_name": "dev", "node_id": "model.olist_analytics.dim_products"} */
alter table "olist_db"."dev_marts"."dim_products__dbt_tmp" rename to "dim_products"
[0m11:01:09.729364 [debug] [Thread-1 (]: SQL status: ALTER TABLE in 0.002 seconds
[0m11:01:09.732891 [debug] [Thread-1 (]: On model.olist_analytics.dim_products: COMMIT
[0m11:01:09.733911 [debug] [Thread-1 (]: Using postgres connection "model.olist_analytics.dim_products"
[0m11:01:09.734889 [debug] [Thread-1 (]: On model.olist_analytics.dim_products: COMMIT
[0m11:01:09.779089 [debug] [Thread-1 (]: SQL status: COMMIT in 0.044 seconds
[0m11:01:09.783648 [debug] [Thread-1 (]: Applying DROP to: "olist_db"."dev_marts"."dim_products__dbt_backup"
[0m11:01:09.790157 [debug] [Thread-1 (]: Using postgres connection "model.olist_analytics.dim_products"
[0m11:01:09.791167 [debug] [Thread-1 (]: On model.olist_analytics.dim_products: /* {"app": "dbt", "dbt_version": "1.12.3", "profile_name": "default", "target_name": "dev", "node_id": "model.olist_analytics.dim_products"} */
drop table if exists "olist_db"."dev_marts"."dim_products__dbt_backup" cascade
[0m11:01:09.792683 [debug] [Thread-1 (]: SQL status: DROP TABLE in 0.001 seconds
[0m11:01:09.796241 [debug] [Thread-1 (]: On model.olist_analytics.dim_products: Close
[0m11:01:09.797227 [debug] [Thread-1 (]: Sending event: {'category': 'dbt', 'action': 'run_model', 'label': '2d82dcdb-2127-4e69-88d5-11676ec4b2aa', 'context': [<snowplow_tracker.self_describing_json.SelfDescribingJson object at 0x000002260E33D6A0>]}
[0m11:01:09.798228 [info ] [Thread-1 (]: 28 of 43 OK created sql table model dev_marts.dim_products ..................... [[32mSELECT 32951[0m in 0.31s]
[0m11:01:09.800265 [debug] [Thread-1 (]: Finished running node model.olist_analytics.dim_products
[0m11:01:09.800265 [debug] [Thread-1 (]: Began running node model.olist_analytics.dim_sellers
[0m11:01:09.801789 [info ] [Thread-1 (]: 29 of 43 START sql table model dev_marts.dim_sellers ........................... [RUN]
[0m11:01:09.803312 [debug] [Thread-1 (]: Re-using an available connection from the pool (formerly model.olist_analytics.dim_products, now model.olist_analytics.dim_sellers)
[0m11:01:09.804315 [debug] [Thread-1 (]: Began compiling node model.olist_analytics.dim_sellers
[0m11:01:09.814954 [debug] [Thread-1 (]: Writing injected SQL for node "model.olist_analytics.dim_sellers"
[0m11:01:09.816471 [debug] [Thread-1 (]: Began executing node model.olist_analytics.dim_sellers
[0m11:01:09.826555 [debug] [Thread-1 (]: Writing runtime sql for node "model.olist_analytics.dim_sellers"
[0m11:01:09.829137 [debug] [Thread-1 (]: Using postgres connection "model.olist_analytics.dim_sellers"
[0m11:01:09.830147 [debug] [Thread-1 (]: On model.olist_analytics.dim_sellers: /* {"app": "dbt", "dbt_version": "1.12.3", "profile_name": "default", "target_name": "dev", "node_id": "model.olist_analytics.dim_sellers"} */

    
    

  create  table "olist_db"."dev_marts"."dim_sellers__dbt_tmp"
    
    
    as
  
  (
    with  __dbt__cte__int__unique_zip_codes as (
with source as (
    select
        zip_code_prefix,
        max(uf) as uf,
        max(cidade) as cidade
    from dev_stg.stg__geolocations
    group by
        zip_code_prefix
)

select * from source
), sellers as (
    select * from "olist_db"."dev_stg"."stg__sellers"
),

geolocations as (
    select * from __dbt__cte__int__unique_zip_codes
),

final as (
    select
        sellers.seller_id,
        sellers.zip_code_prefix,
        geolocations.uf,
        geolocations.cidade
    from sellers
    inner join geolocations on sellers.zip_code_prefix = geolocations.zip_code_prefix
)

select * from final
  );
  
[0m11:01:09.831201 [debug] [Thread-1 (]: Opening a new connection, currently in state closed
[0m11:01:10.231934 [debug] [Thread-2 (]: SQL status: SELECT 99224 in 0.750 seconds
[0m11:01:10.237457 [debug] [Thread-2 (]: Using postgres connection "model.olist_analytics.fct_order_reviews"
[0m11:01:10.238462 [debug] [Thread-2 (]: On model.olist_analytics.fct_order_reviews: /* {"app": "dbt", "dbt_version": "1.12.3", "profile_name": "default", "target_name": "dev", "node_id": "model.olist_analytics.fct_order_reviews"} */
alter table "olist_db"."dev_marts"."fct_order_reviews__dbt_tmp" rename to "fct_order_reviews"
[0m11:01:10.240488 [debug] [Thread-2 (]: SQL status: ALTER TABLE in 0.001 seconds
[0m11:01:10.243026 [debug] [Thread-2 (]: On model.olist_analytics.fct_order_reviews: COMMIT
[0m11:01:10.244027 [debug] [Thread-2 (]: Using postgres connection "model.olist_analytics.fct_order_reviews"
[0m11:01:10.244027 [debug] [Thread-2 (]: On model.olist_analytics.fct_order_reviews: COMMIT
[0m11:01:10.295701 [debug] [Thread-2 (]: SQL status: COMMIT in 0.051 seconds
[0m11:01:10.298704 [debug] [Thread-2 (]: Applying DROP to: "olist_db"."dev_marts"."fct_order_reviews__dbt_backup"
[0m11:01:10.300214 [debug] [Thread-2 (]: Using postgres connection "model.olist_analytics.fct_order_reviews"
[0m11:01:10.301263 [debug] [Thread-2 (]: On model.olist_analytics.fct_order_reviews: /* {"app": "dbt", "dbt_version": "1.12.3", "profile_name": "default", "target_name": "dev", "node_id": "model.olist_analytics.fct_order_reviews"} */
drop table if exists "olist_db"."dev_marts"."fct_order_reviews__dbt_backup" cascade
[0m11:01:10.303288 [debug] [Thread-2 (]: SQL status: DROP TABLE in 0.001 seconds
[0m11:01:10.306336 [debug] [Thread-2 (]: On model.olist_analytics.fct_order_reviews: Close
[0m11:01:10.307949 [debug] [Thread-2 (]: Sending event: {'category': 'dbt', 'action': 'run_model', 'label': '2d82dcdb-2127-4e69-88d5-11676ec4b2aa', 'context': [<snowplow_tracker.self_describing_json.SelfDescribingJson object at 0x000002260DDF7FB0>]}
[0m11:01:10.309570 [info ] [Thread-2 (]: 26 of 43 OK created sql table model dev_marts.fct_order_reviews ................ [[32mSELECT 99224[0m in 0.87s]
[0m11:01:10.311169 [debug] [Thread-2 (]: Finished running node model.olist_analytics.fct_order_reviews
[0m11:01:10.312228 [debug] [Thread-2 (]: Began running node model.olist_analytics.fct_order_items
[0m11:01:10.313303 [info ] [Thread-2 (]: 30 of 43 START sql table model dev_marts.fct_order_items ....................... [RUN]
[0m11:01:10.314388 [debug] [Thread-2 (]: Re-using an available connection from the pool (formerly model.olist_analytics.fct_order_reviews, now model.olist_analytics.fct_order_items)
[0m11:01:10.315456 [debug] [Thread-2 (]: Began compiling node model.olist_analytics.fct_order_items
[0m11:01:10.318515 [debug] [Thread-2 (]: Writing injected SQL for node "model.olist_analytics.fct_order_items"
[0m11:01:10.321096 [debug] [Thread-2 (]: Began executing node model.olist_analytics.fct_order_items
[0m11:01:10.330751 [debug] [Thread-2 (]: Writing runtime sql for node "model.olist_analytics.fct_order_items"
[0m11:01:10.333820 [debug] [Thread-2 (]: Using postgres connection "model.olist_analytics.fct_order_items"
[0m11:01:10.334822 [debug] [Thread-2 (]: On model.olist_analytics.fct_order_items: /* {"app": "dbt", "dbt_version": "1.12.3", "profile_name": "default", "target_name": "dev", "node_id": "model.olist_analytics.fct_order_items"} */

    
    

  create  table "olist_db"."dev_marts"."fct_order_items__dbt_tmp"
    
    
    as
  
  (
    with order_items as (
    select * from "olist_db"."dev_stg"."stg__order_items"
),

orders as (
    select * from "olist_db"."dev_stg"."stg__orders"
),

final as (
    select
        order_items.order_id,
        order_items.seller_id,
        orders.customer_id,
        order_items.product_id,
        order_items.order_item,
        order_items.price,
        order_items.freight_value
    from order_items
    left join orders on order_items.order_id = orders.order_id
)

select * from final
  );
  
[0m11:01:10.334822 [debug] [Thread-2 (]: Opening a new connection, currently in state closed
[0m11:01:10.394226 [debug] [Thread-3 (]: SQL status: SELECT 103886 in 0.959 seconds
[0m11:01:10.400254 [debug] [Thread-3 (]: Using postgres connection "model.olist_analytics.fct_order_payments"
[0m11:01:10.401278 [debug] [Thread-3 (]: On model.olist_analytics.fct_order_payments: /* {"app": "dbt", "dbt_version": "1.12.3", "profile_name": "default", "target_name": "dev", "node_id": "model.olist_analytics.fct_order_payments"} */
alter table "olist_db"."dev_marts"."fct_order_payments__dbt_tmp" rename to "fct_order_payments"
[0m11:01:10.403810 [debug] [Thread-3 (]: SQL status: ALTER TABLE in 0.001 seconds
[0m11:01:10.407851 [debug] [Thread-3 (]: On model.olist_analytics.fct_order_payments: COMMIT
[0m11:01:10.408853 [debug] [Thread-3 (]: Using postgres connection "model.olist_analytics.fct_order_payments"
[0m11:01:10.410360 [debug] [Thread-3 (]: On model.olist_analytics.fct_order_payments: COMMIT
[0m11:01:10.456042 [debug] [Thread-3 (]: SQL status: COMMIT in 0.045 seconds
[0m11:01:10.459432 [debug] [Thread-3 (]: Applying DROP to: "olist_db"."dev_marts"."fct_order_payments__dbt_backup"
[0m11:01:10.461562 [debug] [Thread-3 (]: Using postgres connection "model.olist_analytics.fct_order_payments"
[0m11:01:10.462661 [debug] [Thread-3 (]: On model.olist_analytics.fct_order_payments: /* {"app": "dbt", "dbt_version": "1.12.3", "profile_name": "default", "target_name": "dev", "node_id": "model.olist_analytics.fct_order_payments"} */
drop table if exists "olist_db"."dev_marts"."fct_order_payments__dbt_backup" cascade
[0m11:01:10.464941 [debug] [Thread-3 (]: SQL status: DROP TABLE in 0.001 seconds
[0m11:01:10.467640 [debug] [Thread-3 (]: On model.olist_analytics.fct_order_payments: Close
[0m11:01:10.468698 [debug] [Thread-3 (]: Sending event: {'category': 'dbt', 'action': 'run_model', 'label': '2d82dcdb-2127-4e69-88d5-11676ec4b2aa', 'context': [<snowplow_tracker.self_describing_json.SelfDescribingJson object at 0x000002260E33D0D0>]}
[0m11:01:10.469767 [info ] [Thread-3 (]: 25 of 43 OK created sql table model dev_marts.fct_order_payments ............... [[32mSELECT 103886[0m in 1.10s]
[0m11:01:10.471372 [debug] [Thread-3 (]: Finished running node model.olist_analytics.fct_order_payments
[0m11:01:10.472452 [debug] [Thread-3 (]: Began running node model.olist_analytics.int__orders_enriched
[0m11:01:10.473531 [debug] [Thread-3 (]: Re-using an available connection from the pool (formerly model.olist_analytics.fct_order_payments, now model.olist_analytics.int__orders_enriched)
[0m11:01:10.474801 [debug] [Thread-3 (]: Began compiling node model.olist_analytics.int__orders_enriched
[0m11:01:10.478817 [debug] [Thread-3 (]: Writing injected SQL for node "model.olist_analytics.int__orders_enriched"
[0m11:01:10.482529 [debug] [Thread-3 (]: Finished running node model.olist_analytics.int__orders_enriched
[0m11:01:10.483617 [debug] [Thread-3 (]: Began running node test.olist_analytics.not_null_dim_products_product_id.c8aba288d1
[0m11:01:10.484158 [debug] [Thread-1 (]: SQL status: SELECT 3088 in 0.653 seconds
[0m11:01:10.484711 [info ] [Thread-3 (]: 31 of 43 START test not_null_dim_products_product_id ........................... [RUN]
[0m11:01:10.489516 [debug] [Thread-1 (]: Using postgres connection "model.olist_analytics.dim_sellers"
[0m11:01:10.491524 [debug] [Thread-3 (]: Re-using an available connection from the pool (formerly model.olist_analytics.int__orders_enriched, now test.olist_analytics.not_null_dim_products_product_id.c8aba288d1)
[0m11:01:10.492926 [debug] [Thread-1 (]: On model.olist_analytics.dim_sellers: /* {"app": "dbt", "dbt_version": "1.12.3", "profile_name": "default", "target_name": "dev", "node_id": "model.olist_analytics.dim_sellers"} */
alter table "olist_db"."dev_marts"."dim_sellers__dbt_tmp" rename to "dim_sellers"
[0m11:01:10.494024 [debug] [Thread-3 (]: Began compiling node test.olist_analytics.not_null_dim_products_product_id.c8aba288d1
[0m11:01:10.506070 [debug] [Thread-1 (]: SQL status: ALTER TABLE in 0.010 seconds
[0m11:01:10.590166 [debug] [Thread-1 (]: On model.olist_analytics.dim_sellers: COMMIT
[0m11:01:10.591384 [debug] [Thread-1 (]: Using postgres connection "model.olist_analytics.dim_sellers"
[0m11:01:10.591384 [debug] [Thread-1 (]: On model.olist_analytics.dim_sellers: COMMIT
[0m11:01:10.594094 [debug] [Thread-3 (]: Writing injected SQL for node "test.olist_analytics.not_null_dim_products_product_id.c8aba288d1"
[0m11:01:10.746516 [debug] [Thread-3 (]: Began executing node test.olist_analytics.not_null_dim_products_product_id.c8aba288d1
[0m11:01:10.749502 [debug] [Thread-3 (]: Writing runtime sql for node "test.olist_analytics.not_null_dim_products_product_id.c8aba288d1"
[0m11:01:10.752020 [debug] [Thread-3 (]: Using postgres connection "test.olist_analytics.not_null_dim_products_product_id.c8aba288d1"
[0m11:01:10.752020 [debug] [Thread-3 (]: On test.olist_analytics.not_null_dim_products_product_id.c8aba288d1: /* {"app": "dbt", "dbt_version": "1.12.3", "profile_name": "default", "target_name": "dev", "node_id": "test.olist_analytics.not_null_dim_products_product_id.c8aba288d1"} */

    
    select
      count(*) as failures,
      count(*) != 0 as should_warn,
      count(*) != 0 as should_error
    from (
      
    
    
    
    



select product_id
from "olist_db"."dev_marts"."dim_products"
where product_id is null



    
  
    
    ) dbt_internal_test
[0m11:01:10.753025 [debug] [Thread-3 (]: Opening a new connection, currently in state closed
[0m11:01:10.762323 [debug] [Thread-1 (]: SQL status: COMMIT in 0.170 seconds
[0m11:01:10.765096 [debug] [Thread-1 (]: Applying DROP to: "olist_db"."dev_marts"."dim_sellers__dbt_backup"
[0m11:01:10.766103 [debug] [Thread-1 (]: Using postgres connection "model.olist_analytics.dim_sellers"
[0m11:01:10.766103 [debug] [Thread-1 (]: On model.olist_analytics.dim_sellers: /* {"app": "dbt", "dbt_version": "1.12.3", "profile_name": "default", "target_name": "dev", "node_id": "model.olist_analytics.dim_sellers"} */
drop table if exists "olist_db"."dev_marts"."dim_sellers__dbt_backup" cascade
[0m11:01:10.768106 [debug] [Thread-1 (]: SQL status: DROP TABLE in 0.001 seconds
[0m11:01:10.770108 [debug] [Thread-1 (]: On model.olist_analytics.dim_sellers: Close
[0m11:01:10.771121 [debug] [Thread-1 (]: Sending event: {'category': 'dbt', 'action': 'run_model', 'label': '2d82dcdb-2127-4e69-88d5-11676ec4b2aa', 'context': [<snowplow_tracker.self_describing_json.SelfDescribingJson object at 0x000002260E33ECF0>]}
[0m11:01:10.773132 [info ] [Thread-1 (]: 29 of 43 OK created sql table model dev_marts.dim_sellers ...................... [[32mSELECT 3088[0m in 0.97s]
[0m11:01:10.774132 [debug] [Thread-1 (]: Finished running node model.olist_analytics.dim_sellers
[0m11:01:10.775131 [debug] [Thread-1 (]: Began running node test.olist_analytics.unique_dim_products_product_id.ef7b2a9985
[0m11:01:10.776132 [info ] [Thread-1 (]: 32 of 43 START test unique_dim_products_product_id ............................. [RUN]
[0m11:01:10.777135 [debug] [Thread-1 (]: Re-using an available connection from the pool (formerly model.olist_analytics.dim_sellers, now test.olist_analytics.unique_dim_products_product_id.ef7b2a9985)
[0m11:01:10.778131 [debug] [Thread-1 (]: Began compiling node test.olist_analytics.unique_dim_products_product_id.ef7b2a9985
[0m11:01:10.787318 [debug] [Thread-1 (]: Writing injected SQL for node "test.olist_analytics.unique_dim_products_product_id.ef7b2a9985"
[0m11:01:10.787318 [debug] [Thread-3 (]: SQL status: SELECT 1 in 0.035 seconds
[0m11:01:10.791340 [debug] [Thread-3 (]: On test.olist_analytics.not_null_dim_products_product_id.c8aba288d1: ROLLBACK
[0m11:01:10.792757 [debug] [Thread-1 (]: Began executing node test.olist_analytics.unique_dim_products_product_id.ef7b2a9985
[0m11:01:10.793348 [debug] [Thread-3 (]: On test.olist_analytics.not_null_dim_products_product_id.c8aba288d1: Close
[0m11:01:10.798356 [debug] [Thread-1 (]: Writing runtime sql for node "test.olist_analytics.unique_dim_products_product_id.ef7b2a9985"
[0m11:01:10.799353 [info ] [Thread-3 (]: 31 of 43 PASS not_null_dim_products_product_id ................................. [[32mPASS[0m in 0.31s]
[0m11:01:10.800866 [debug] [Thread-3 (]: Finished running node test.olist_analytics.not_null_dim_products_product_id.c8aba288d1
[0m11:01:10.801909 [debug] [Thread-3 (]: Began running node test.olist_analytics.not_null_fct_order_payments_order_id.29d92a8406
[0m11:01:10.802921 [info ] [Thread-3 (]: 33 of 43 START test not_null_fct_order_payments_order_id ....................... [RUN]
[0m11:01:10.805923 [debug] [Thread-1 (]: Using postgres connection "test.olist_analytics.unique_dim_products_product_id.ef7b2a9985"
[0m11:01:10.807446 [debug] [Thread-3 (]: Re-using an available connection from the pool (formerly test.olist_analytics.not_null_dim_products_product_id.c8aba288d1, now test.olist_analytics.not_null_fct_order_payments_order_id.29d92a8406)
[0m11:01:10.808450 [debug] [Thread-1 (]: On test.olist_analytics.unique_dim_products_product_id.ef7b2a9985: /* {"app": "dbt", "dbt_version": "1.12.3", "profile_name": "default", "target_name": "dev", "node_id": "test.olist_analytics.unique_dim_products_product_id.ef7b2a9985"} */

    
    select
      count(*) as failures,
      count(*) != 0 as should_warn,
      count(*) != 0 as should_error
    from (
      
    
    
    
    

select
    product_id as unique_field,
    count(*) as n_records

from "olist_db"."dev_marts"."dim_products"
where product_id is not null
group by product_id
having count(*) > 1



    
  
    
    ) dbt_internal_test
[0m11:01:10.808450 [debug] [Thread-3 (]: Began compiling node test.olist_analytics.not_null_fct_order_payments_order_id.29d92a8406
[0m11:01:10.809451 [debug] [Thread-1 (]: Opening a new connection, currently in state closed
[0m11:01:10.820287 [debug] [Thread-3 (]: Writing injected SQL for node "test.olist_analytics.not_null_fct_order_payments_order_id.29d92a8406"
[0m11:01:10.823604 [debug] [Thread-3 (]: Began executing node test.olist_analytics.not_null_fct_order_payments_order_id.29d92a8406
[0m11:01:10.829323 [debug] [Thread-3 (]: Writing runtime sql for node "test.olist_analytics.not_null_fct_order_payments_order_id.29d92a8406"
[0m11:01:10.832352 [debug] [Thread-3 (]: Using postgres connection "test.olist_analytics.not_null_fct_order_payments_order_id.29d92a8406"
[0m11:01:10.832712 [debug] [Thread-3 (]: On test.olist_analytics.not_null_fct_order_payments_order_id.29d92a8406: /* {"app": "dbt", "dbt_version": "1.12.3", "profile_name": "default", "target_name": "dev", "node_id": "test.olist_analytics.not_null_fct_order_payments_order_id.29d92a8406"} */

    
    select
      count(*) as failures,
      count(*) != 0 as should_warn,
      count(*) != 0 as should_error
    from (
      
    
    
    
    



select order_id
from "olist_db"."dev_marts"."fct_order_payments"
where order_id is null



    
  
    
    ) dbt_internal_test
[0m11:01:10.833724 [debug] [Thread-3 (]: Opening a new connection, currently in state closed
[0m11:01:10.859652 [debug] [Thread-4 (]: SQL status: SELECT 99441 in 1.367 seconds
[0m11:01:10.864825 [debug] [Thread-4 (]: Using postgres connection "model.olist_analytics.dim_customers"
[0m11:01:10.865434 [debug] [Thread-4 (]: On model.olist_analytics.dim_customers: /* {"app": "dbt", "dbt_version": "1.12.3", "profile_name": "default", "target_name": "dev", "node_id": "model.olist_analytics.dim_customers"} */
alter table "olist_db"."dev_marts"."dim_customers__dbt_tmp" rename to "dim_customers"
[0m11:01:10.866519 [debug] [Thread-3 (]: SQL status: SELECT 1 in 0.033 seconds
[0m11:01:10.867192 [debug] [Thread-1 (]: SQL status: SELECT 1 in 0.058 seconds
[0m11:01:10.870241 [debug] [Thread-3 (]: On test.olist_analytics.not_null_fct_order_payments_order_id.29d92a8406: ROLLBACK
[0m11:01:10.871261 [debug] [Thread-4 (]: SQL status: ALTER TABLE in 0.004 seconds
[0m11:01:10.873174 [debug] [Thread-1 (]: On test.olist_analytics.unique_dim_products_product_id.ef7b2a9985: ROLLBACK
[0m11:01:10.875182 [debug] [Thread-4 (]: On model.olist_analytics.dim_customers: COMMIT
[0m11:01:10.876182 [debug] [Thread-3 (]: On test.olist_analytics.not_null_fct_order_payments_order_id.29d92a8406: Close
[0m11:01:10.876182 [debug] [Thread-4 (]: Using postgres connection "model.olist_analytics.dim_customers"
[0m11:01:10.877279 [debug] [Thread-1 (]: On test.olist_analytics.unique_dim_products_product_id.ef7b2a9985: Close
[0m11:01:10.878175 [debug] [Thread-4 (]: On model.olist_analytics.dim_customers: COMMIT
[0m11:01:10.879177 [info ] [Thread-3 (]: 33 of 43 PASS not_null_fct_order_payments_order_id ............................. [[32mPASS[0m in 0.07s]
[0m11:01:10.881307 [debug] [Thread-3 (]: Finished running node test.olist_analytics.not_null_fct_order_payments_order_id.29d92a8406
[0m11:01:10.880178 [info ] [Thread-1 (]: 32 of 43 PASS unique_dim_products_product_id ................................... [[32mPASS[0m in 0.10s]
[0m11:01:10.883058 [debug] [Thread-3 (]: Began running node test.olist_analytics.not_null_int__orders_enriched_order_id.5e392ec3bc
[0m11:01:10.884066 [debug] [Thread-1 (]: Finished running node test.olist_analytics.unique_dim_products_product_id.ef7b2a9985
[0m11:01:10.885067 [info ] [Thread-3 (]: 34 of 43 START test not_null_int__orders_enriched_order_id ..................... [RUN]
[0m11:01:10.885067 [debug] [Thread-1 (]: Began running node test.olist_analytics.unique_int__orders_enriched_order_id.b7e86800e0
[0m11:01:10.886068 [debug] [Thread-3 (]: Re-using an available connection from the pool (formerly test.olist_analytics.not_null_fct_order_payments_order_id.29d92a8406, now test.olist_analytics.not_null_int__orders_enriched_order_id.5e392ec3bc)
[0m11:01:10.887069 [info ] [Thread-1 (]: 35 of 43 START test unique_int__orders_enriched_order_id ....................... [RUN]
[0m11:01:10.887069 [debug] [Thread-3 (]: Began compiling node test.olist_analytics.not_null_int__orders_enriched_order_id.5e392ec3bc
[0m11:01:10.888066 [debug] [Thread-1 (]: Re-using an available connection from the pool (formerly test.olist_analytics.unique_dim_products_product_id.ef7b2a9985, now test.olist_analytics.unique_int__orders_enriched_order_id.b7e86800e0)
[0m11:01:10.900685 [debug] [Thread-3 (]: Writing injected SQL for node "test.olist_analytics.not_null_int__orders_enriched_order_id.5e392ec3bc"
[0m11:01:10.901281 [debug] [Thread-1 (]: Began compiling node test.olist_analytics.unique_int__orders_enriched_order_id.b7e86800e0
[0m11:01:10.912858 [debug] [Thread-1 (]: Writing injected SQL for node "test.olist_analytics.unique_int__orders_enriched_order_id.b7e86800e0"
[0m11:01:10.914865 [debug] [Thread-3 (]: Began executing node test.olist_analytics.not_null_int__orders_enriched_order_id.5e392ec3bc
[0m11:01:10.916866 [debug] [Thread-3 (]: Writing runtime sql for node "test.olist_analytics.not_null_int__orders_enriched_order_id.5e392ec3bc"
[0m11:01:10.917959 [debug] [Thread-4 (]: SQL status: COMMIT in 0.038 seconds
[0m11:01:10.921554 [debug] [Thread-4 (]: Applying DROP to: "olist_db"."dev_marts"."dim_customers__dbt_backup"
[0m11:01:10.922564 [debug] [Thread-4 (]: Using postgres connection "model.olist_analytics.dim_customers"
[0m11:01:10.923642 [debug] [Thread-4 (]: On model.olist_analytics.dim_customers: /* {"app": "dbt", "dbt_version": "1.12.3", "profile_name": "default", "target_name": "dev", "node_id": "model.olist_analytics.dim_customers"} */
drop table if exists "olist_db"."dev_marts"."dim_customers__dbt_backup" cascade
[0m11:01:10.923642 [debug] [Thread-1 (]: Began executing node test.olist_analytics.unique_int__orders_enriched_order_id.b7e86800e0
[0m11:01:10.926642 [debug] [Thread-1 (]: Writing runtime sql for node "test.olist_analytics.unique_int__orders_enriched_order_id.b7e86800e0"
[0m11:01:10.926642 [debug] [Thread-4 (]: SQL status: DROP TABLE in 0.002 seconds
[0m11:01:10.928650 [debug] [Thread-4 (]: On model.olist_analytics.dim_customers: Close
[0m11:01:10.928650 [debug] [Thread-4 (]: Sending event: {'category': 'dbt', 'action': 'run_model', 'label': '2d82dcdb-2127-4e69-88d5-11676ec4b2aa', 'context': [<snowplow_tracker.self_describing_json.SelfDescribingJson object at 0x000002260E33E120>]}
[0m11:01:10.931173 [info ] [Thread-4 (]: 27 of 43 OK created sql table model dev_marts.dim_customers .................... [[32mSELECT 99441[0m in 1.49s]
[0m11:01:10.932232 [debug] [Thread-4 (]: Finished running node model.olist_analytics.dim_customers
[0m11:01:10.933034 [debug] [Thread-1 (]: Using postgres connection "test.olist_analytics.unique_int__orders_enriched_order_id.b7e86800e0"
[0m11:01:10.934045 [debug] [Thread-3 (]: Using postgres connection "test.olist_analytics.not_null_int__orders_enriched_order_id.5e392ec3bc"
[0m11:01:10.934045 [debug] [Thread-4 (]: Began running node test.olist_analytics.not_null_dim_sellers_seller_id.2e68260d7c
[0m11:01:10.935041 [debug] [Thread-1 (]: On test.olist_analytics.unique_int__orders_enriched_order_id.b7e86800e0: /* {"app": "dbt", "dbt_version": "1.12.3", "profile_name": "default", "target_name": "dev", "node_id": "test.olist_analytics.unique_int__orders_enriched_order_id.b7e86800e0"} */

    
    select
      count(*) as failures,
      count(*) != 0 as should_warn,
      count(*) != 0 as should_error
    from (
      
    
    
    
    

with __dbt__cte__int__orders_enriched as (
with source as (
    select * from "olist_db"."dev_stg"."stg__orders"
)

select
    order_id,
    customer_id,
    order_purchase_ts,
    order_approved_at,
    order_delivered_carrier_dt,
    order_delivered_customer_dt,
    order_estimated_delivery_dt,
    order_status,
    case
        when
            date_trunc('day', order_delivered_customer_dt)
            > order_estimated_delivery_dt
            then 1
        else 0
    end as is_late,
    case when order_status = 'DELIVERED' then 1 else 0 end as is_delivered,
    case
        when
            date_trunc('day', order_delivered_customer_dt) > order_estimated_delivery_dt
            then
                round(
                    extract(
                        epoch from (
                            date_trunc('day', order_delivered_customer_dt)
                            - order_estimated_delivery_dt
                        )
                    )
                    / 86400.0,
                    2
                )
        else 0
    end as days_late,
    round(extract(epoch from (order_approved_at - order_purchase_ts)) / 86400.0, 2)
        as approval_lead_time,
    round(
        extract(epoch from (order_delivered_customer_dt - order_delivered_carrier_dt))
        / 86400.0,
        2
    ) as delivery_lead_time,
    round(
        extract(epoch from (order_delivered_customer_dt - order_purchase_ts)) / 86400.0,
        2
    ) as order_lead_time
from source
) select
    order_id as unique_field,
    count(*) as n_records

from __dbt__cte__int__orders_enriched
where order_id is not null
group by order_id
having count(*) > 1



    
  
    
    ) dbt_internal_test
[0m11:01:10.936043 [debug] [Thread-3 (]: On test.olist_analytics.not_null_int__orders_enriched_order_id.5e392ec3bc: /* {"app": "dbt", "dbt_version": "1.12.3", "profile_name": "default", "target_name": "dev", "node_id": "test.olist_analytics.not_null_int__orders_enriched_order_id.5e392ec3bc"} */

    
    select
      count(*) as failures,
      count(*) != 0 as should_warn,
      count(*) != 0 as should_error
    from (
      
    
    
    
    



with __dbt__cte__int__orders_enriched as (
with source as (
    select * from "olist_db"."dev_stg"."stg__orders"
)

select
    order_id,
    customer_id,
    order_purchase_ts,
    order_approved_at,
    order_delivered_carrier_dt,
    order_delivered_customer_dt,
    order_estimated_delivery_dt,
    order_status,
    case
        when
            date_trunc('day', order_delivered_customer_dt)
            > order_estimated_delivery_dt
            then 1
        else 0
    end as is_late,
    case when order_status = 'DELIVERED' then 1 else 0 end as is_delivered,
    case
        when
            date_trunc('day', order_delivered_customer_dt) > order_estimated_delivery_dt
            then
                round(
                    extract(
                        epoch from (
                            date_trunc('day', order_delivered_customer_dt)
                            - order_estimated_delivery_dt
                        )
                    )
                    / 86400.0,
                    2
                )
        else 0
    end as days_late,
    round(extract(epoch from (order_approved_at - order_purchase_ts)) / 86400.0, 2)
        as approval_lead_time,
    round(
        extract(epoch from (order_delivered_customer_dt - order_delivered_carrier_dt))
        / 86400.0,
        2
    ) as delivery_lead_time,
    round(
        extract(epoch from (order_delivered_customer_dt - order_purchase_ts)) / 86400.0,
        2
    ) as order_lead_time
from source
) select order_id
from __dbt__cte__int__orders_enriched
where order_id is null



    
  
    
    ) dbt_internal_test
[0m11:01:10.937047 [info ] [Thread-4 (]: 36 of 43 START test not_null_dim_sellers_seller_id ............................. [RUN]
[0m11:01:10.937047 [debug] [Thread-1 (]: Opening a new connection, currently in state closed
[0m11:01:10.938042 [debug] [Thread-3 (]: Opening a new connection, currently in state closed
[0m11:01:10.938042 [debug] [Thread-4 (]: Re-using an available connection from the pool (formerly model.olist_analytics.dim_customers, now test.olist_analytics.not_null_dim_sellers_seller_id.2e68260d7c)
[0m11:01:10.940059 [debug] [Thread-4 (]: Began compiling node test.olist_analytics.not_null_dim_sellers_seller_id.2e68260d7c
[0m11:01:10.957623 [debug] [Thread-4 (]: Writing injected SQL for node "test.olist_analytics.not_null_dim_sellers_seller_id.2e68260d7c"
[0m11:01:10.960132 [debug] [Thread-4 (]: Began executing node test.olist_analytics.not_null_dim_sellers_seller_id.2e68260d7c
[0m11:01:10.962533 [debug] [Thread-4 (]: Writing runtime sql for node "test.olist_analytics.not_null_dim_sellers_seller_id.2e68260d7c"
[0m11:01:10.965883 [debug] [Thread-4 (]: Using postgres connection "test.olist_analytics.not_null_dim_sellers_seller_id.2e68260d7c"
[0m11:01:10.966887 [debug] [Thread-4 (]: On test.olist_analytics.not_null_dim_sellers_seller_id.2e68260d7c: /* {"app": "dbt", "dbt_version": "1.12.3", "profile_name": "default", "target_name": "dev", "node_id": "test.olist_analytics.not_null_dim_sellers_seller_id.2e68260d7c"} */

    
    select
      count(*) as failures,
      count(*) != 0 as should_warn,
      count(*) != 0 as should_error
    from (
      
    
    
    
    



select seller_id
from "olist_db"."dev_marts"."dim_sellers"
where seller_id is null



    
  
    
    ) dbt_internal_test
[0m11:01:10.967882 [debug] [Thread-4 (]: Opening a new connection, currently in state closed
[0m11:01:10.968889 [debug] [Thread-3 (]: SQL status: SELECT 1 in 0.032 seconds
[0m11:01:10.971945 [debug] [Thread-3 (]: On test.olist_analytics.not_null_int__orders_enriched_order_id.5e392ec3bc: ROLLBACK
[0m11:01:10.972941 [debug] [Thread-3 (]: On test.olist_analytics.not_null_int__orders_enriched_order_id.5e392ec3bc: Close
[0m11:01:10.974939 [info ] [Thread-3 (]: 34 of 43 PASS not_null_int__orders_enriched_order_id ........................... [[32mPASS[0m in 0.09s]
[0m11:01:10.975943 [debug] [Thread-3 (]: Finished running node test.olist_analytics.not_null_int__orders_enriched_order_id.5e392ec3bc
[0m11:01:10.977453 [debug] [Thread-3 (]: Began running node test.olist_analytics.unique_dim_sellers_seller_id.b55e677f09
[0m11:01:10.977453 [info ] [Thread-3 (]: 37 of 43 START test unique_dim_sellers_seller_id ............................... [RUN]
[0m11:01:10.978961 [debug] [Thread-3 (]: Re-using an available connection from the pool (formerly test.olist_analytics.not_null_int__orders_enriched_order_id.5e392ec3bc, now test.olist_analytics.unique_dim_sellers_seller_id.b55e677f09)
[0m11:01:10.978961 [debug] [Thread-3 (]: Began compiling node test.olist_analytics.unique_dim_sellers_seller_id.b55e677f09
[0m11:01:10.989022 [debug] [Thread-3 (]: Writing injected SQL for node "test.olist_analytics.unique_dim_sellers_seller_id.b55e677f09"
[0m11:01:10.991093 [debug] [Thread-3 (]: Began executing node test.olist_analytics.unique_dim_sellers_seller_id.b55e677f09
[0m11:01:10.994686 [debug] [Thread-3 (]: Writing runtime sql for node "test.olist_analytics.unique_dim_sellers_seller_id.b55e677f09"
[0m11:01:10.995686 [debug] [Thread-3 (]: Using postgres connection "test.olist_analytics.unique_dim_sellers_seller_id.b55e677f09"
[0m11:01:10.996682 [debug] [Thread-3 (]: On test.olist_analytics.unique_dim_sellers_seller_id.b55e677f09: /* {"app": "dbt", "dbt_version": "1.12.3", "profile_name": "default", "target_name": "dev", "node_id": "test.olist_analytics.unique_dim_sellers_seller_id.b55e677f09"} */

    
    select
      count(*) as failures,
      count(*) != 0 as should_warn,
      count(*) != 0 as should_error
    from (
      
    
    
    
    

select
    seller_id as unique_field,
    count(*) as n_records

from "olist_db"."dev_marts"."dim_sellers"
where seller_id is not null
group by seller_id
having count(*) > 1



    
  
    
    ) dbt_internal_test
[0m11:01:10.996682 [debug] [Thread-4 (]: SQL status: SELECT 1 in 0.030 seconds
[0m11:01:10.998196 [debug] [Thread-3 (]: Opening a new connection, currently in state closed
[0m11:01:11.000204 [debug] [Thread-4 (]: On test.olist_analytics.not_null_dim_sellers_seller_id.2e68260d7c: ROLLBACK
[0m11:01:11.001221 [debug] [Thread-4 (]: On test.olist_analytics.not_null_dim_sellers_seller_id.2e68260d7c: Close
[0m11:01:11.002988 [info ] [Thread-4 (]: 36 of 43 PASS not_null_dim_sellers_seller_id ................................... [[32mPASS[0m in 0.06s]
[0m11:01:11.005997 [debug] [Thread-4 (]: Finished running node test.olist_analytics.not_null_dim_sellers_seller_id.2e68260d7c
[0m11:01:11.007000 [debug] [Thread-4 (]: Began running node test.olist_analytics.not_null_dim_customers_customer_id.dd91cd1c8d
[0m11:01:11.009000 [info ] [Thread-4 (]: 38 of 43 START test not_null_dim_customers_customer_id ......................... [RUN]
[0m11:01:11.011075 [debug] [Thread-4 (]: Re-using an available connection from the pool (formerly test.olist_analytics.not_null_dim_sellers_seller_id.2e68260d7c, now test.olist_analytics.not_null_dim_customers_customer_id.dd91cd1c8d)
[0m11:01:11.012102 [debug] [Thread-4 (]: Began compiling node test.olist_analytics.not_null_dim_customers_customer_id.dd91cd1c8d
[0m11:01:11.029180 [debug] [Thread-4 (]: Writing injected SQL for node "test.olist_analytics.not_null_dim_customers_customer_id.dd91cd1c8d"
[0m11:01:11.030181 [debug] [Thread-4 (]: Began executing node test.olist_analytics.not_null_dim_customers_customer_id.dd91cd1c8d
[0m11:01:11.033450 [debug] [Thread-4 (]: Writing runtime sql for node "test.olist_analytics.not_null_dim_customers_customer_id.dd91cd1c8d"
[0m11:01:11.034459 [debug] [Thread-3 (]: SQL status: SELECT 1 in 0.036 seconds
[0m11:01:11.037202 [debug] [Thread-3 (]: On test.olist_analytics.unique_dim_sellers_seller_id.b55e677f09: ROLLBACK
[0m11:01:11.039213 [debug] [Thread-4 (]: Using postgres connection "test.olist_analytics.not_null_dim_customers_customer_id.dd91cd1c8d"
[0m11:01:11.040213 [debug] [Thread-3 (]: On test.olist_analytics.unique_dim_sellers_seller_id.b55e677f09: Close
[0m11:01:11.040727 [debug] [Thread-4 (]: On test.olist_analytics.not_null_dim_customers_customer_id.dd91cd1c8d: /* {"app": "dbt", "dbt_version": "1.12.3", "profile_name": "default", "target_name": "dev", "node_id": "test.olist_analytics.not_null_dim_customers_customer_id.dd91cd1c8d"} */

    
    select
      count(*) as failures,
      count(*) != 0 as should_warn,
      count(*) != 0 as should_error
    from (
      
    
    
    
    



select customer_id
from "olist_db"."dev_marts"."dim_customers"
where customer_id is null



    
  
    
    ) dbt_internal_test
[0m11:01:11.041761 [debug] [Thread-4 (]: Opening a new connection, currently in state closed
[0m11:01:11.042945 [info ] [Thread-3 (]: 37 of 43 PASS unique_dim_sellers_seller_id ..................................... [[32mPASS[0m in 0.06s]
[0m11:01:11.044953 [debug] [Thread-3 (]: Finished running node test.olist_analytics.unique_dim_sellers_seller_id.b55e677f09
[0m11:01:11.044953 [debug] [Thread-3 (]: Began running node test.olist_analytics.not_null_dim_customers_customer_unique_id.e3fe18087d
[0m11:01:11.045955 [info ] [Thread-3 (]: 39 of 43 START test not_null_dim_customers_customer_unique_id .................. [RUN]
[0m11:01:11.047956 [debug] [Thread-3 (]: Re-using an available connection from the pool (formerly test.olist_analytics.unique_dim_sellers_seller_id.b55e677f09, now test.olist_analytics.not_null_dim_customers_customer_unique_id.e3fe18087d)
[0m11:01:11.048954 [debug] [Thread-3 (]: Began compiling node test.olist_analytics.not_null_dim_customers_customer_unique_id.e3fe18087d
[0m11:01:11.064510 [debug] [Thread-3 (]: Writing injected SQL for node "test.olist_analytics.not_null_dim_customers_customer_unique_id.e3fe18087d"
[0m11:01:11.067015 [debug] [Thread-3 (]: Began executing node test.olist_analytics.not_null_dim_customers_customer_unique_id.e3fe18087d
[0m11:01:11.073071 [debug] [Thread-3 (]: Writing runtime sql for node "test.olist_analytics.not_null_dim_customers_customer_unique_id.e3fe18087d"
[0m11:01:11.075075 [debug] [Thread-3 (]: Using postgres connection "test.olist_analytics.not_null_dim_customers_customer_unique_id.e3fe18087d"
[0m11:01:11.075592 [debug] [Thread-3 (]: On test.olist_analytics.not_null_dim_customers_customer_unique_id.e3fe18087d: /* {"app": "dbt", "dbt_version": "1.12.3", "profile_name": "default", "target_name": "dev", "node_id": "test.olist_analytics.not_null_dim_customers_customer_unique_id.e3fe18087d"} */

    
    select
      count(*) as failures,
      count(*) != 0 as should_warn,
      count(*) != 0 as should_error
    from (
      
    
    
    
    



select customer_unique_id
from "olist_db"."dev_marts"."dim_customers"
where customer_unique_id is null



    
  
    
    ) dbt_internal_test
[0m11:01:11.076597 [debug] [Thread-3 (]: Opening a new connection, currently in state closed
[0m11:01:11.085270 [debug] [Thread-4 (]: SQL status: SELECT 1 in 0.044 seconds
[0m11:01:11.087785 [debug] [Thread-4 (]: On test.olist_analytics.not_null_dim_customers_customer_id.dd91cd1c8d: ROLLBACK
[0m11:01:11.090299 [debug] [Thread-4 (]: On test.olist_analytics.not_null_dim_customers_customer_id.dd91cd1c8d: Close
[0m11:01:11.091321 [info ] [Thread-4 (]: 38 of 43 PASS not_null_dim_customers_customer_id ............................... [[32mPASS[0m in 0.08s]
[0m11:01:11.093336 [debug] [Thread-4 (]: Finished running node test.olist_analytics.not_null_dim_customers_customer_id.dd91cd1c8d
[0m11:01:11.094331 [debug] [Thread-4 (]: Began running node test.olist_analytics.unique_dim_customers_customer_id.15c9f1e2fd
[0m11:01:11.094331 [info ] [Thread-4 (]: 40 of 43 START test unique_dim_customers_customer_id ........................... [RUN]
[0m11:01:11.095331 [debug] [Thread-4 (]: Re-using an available connection from the pool (formerly test.olist_analytics.not_null_dim_customers_customer_id.dd91cd1c8d, now test.olist_analytics.unique_dim_customers_customer_id.15c9f1e2fd)
[0m11:01:11.096844 [debug] [Thread-4 (]: Began compiling node test.olist_analytics.unique_dim_customers_customer_id.15c9f1e2fd
[0m11:01:11.110484 [debug] [Thread-4 (]: Writing injected SQL for node "test.olist_analytics.unique_dim_customers_customer_id.15c9f1e2fd"
[0m11:01:11.112705 [debug] [Thread-4 (]: Began executing node test.olist_analytics.unique_dim_customers_customer_id.15c9f1e2fd
[0m11:01:11.116310 [debug] [Thread-4 (]: Writing runtime sql for node "test.olist_analytics.unique_dim_customers_customer_id.15c9f1e2fd"
[0m11:01:11.118807 [debug] [Thread-4 (]: Using postgres connection "test.olist_analytics.unique_dim_customers_customer_id.15c9f1e2fd"
[0m11:01:11.118807 [debug] [Thread-4 (]: On test.olist_analytics.unique_dim_customers_customer_id.15c9f1e2fd: /* {"app": "dbt", "dbt_version": "1.12.3", "profile_name": "default", "target_name": "dev", "node_id": "test.olist_analytics.unique_dim_customers_customer_id.15c9f1e2fd"} */

    
    select
      count(*) as failures,
      count(*) != 0 as should_warn,
      count(*) != 0 as should_error
    from (
      
    
    
    
    

select
    customer_id as unique_field,
    count(*) as n_records

from "olist_db"."dev_marts"."dim_customers"
where customer_id is not null
group by customer_id
having count(*) > 1



    
  
    
    ) dbt_internal_test
[0m11:01:11.121365 [debug] [Thread-4 (]: Opening a new connection, currently in state closed
[0m11:01:11.126882 [debug] [Thread-3 (]: SQL status: SELECT 1 in 0.050 seconds
[0m11:01:11.128880 [debug] [Thread-3 (]: On test.olist_analytics.not_null_dim_customers_customer_unique_id.e3fe18087d: ROLLBACK
[0m11:01:11.130389 [debug] [Thread-1 (]: SQL status: SELECT 1 in 0.193 seconds
[0m11:01:11.132434 [debug] [Thread-1 (]: On test.olist_analytics.unique_int__orders_enriched_order_id.b7e86800e0: ROLLBACK
[0m11:01:11.133442 [debug] [Thread-3 (]: On test.olist_analytics.not_null_dim_customers_customer_unique_id.e3fe18087d: Close
[0m11:01:11.135442 [debug] [Thread-1 (]: On test.olist_analytics.unique_int__orders_enriched_order_id.b7e86800e0: Close
[0m11:01:11.134440 [info ] [Thread-3 (]: 39 of 43 PASS not_null_dim_customers_customer_unique_id ........................ [[32mPASS[0m in 0.09s]
[0m11:01:11.137442 [debug] [Thread-3 (]: Finished running node test.olist_analytics.not_null_dim_customers_customer_unique_id.e3fe18087d
[0m11:01:11.138446 [info ] [Thread-1 (]: 35 of 43 PASS unique_int__orders_enriched_order_id ............................. [[32mPASS[0m in 0.25s]
[0m11:01:11.140444 [debug] [Thread-1 (]: Finished running node test.olist_analytics.unique_int__orders_enriched_order_id.b7e86800e0
[0m11:01:11.140952 [debug] [Thread-3 (]: Began running node model.olist_analytics.fct_orders
[0m11:01:11.141964 [info ] [Thread-3 (]: 41 of 43 START sql table model dev_marts.fct_orders ............................ [RUN]
[0m11:01:11.142964 [debug] [Thread-3 (]: Re-using an available connection from the pool (formerly test.olist_analytics.not_null_dim_customers_customer_unique_id.e3fe18087d, now model.olist_analytics.fct_orders)
[0m11:01:11.142964 [debug] [Thread-3 (]: Began compiling node model.olist_analytics.fct_orders
[0m11:01:11.152819 [debug] [Thread-3 (]: Writing injected SQL for node "model.olist_analytics.fct_orders"
[0m11:01:11.155828 [debug] [Thread-3 (]: Began executing node model.olist_analytics.fct_orders
[0m11:01:11.160858 [debug] [Thread-3 (]: Writing runtime sql for node "model.olist_analytics.fct_orders"
[0m11:01:11.162374 [debug] [Thread-3 (]: Using postgres connection "model.olist_analytics.fct_orders"
[0m11:01:11.163372 [debug] [Thread-3 (]: On model.olist_analytics.fct_orders: /* {"app": "dbt", "dbt_version": "1.12.3", "profile_name": "default", "target_name": "dev", "node_id": "model.olist_analytics.fct_orders"} */

    
    

  create  table "olist_db"."dev_marts"."fct_orders__dbt_tmp"
    
    
    as
  
  (
    with  __dbt__cte__int__orders_enriched as (
with source as (
    select * from "olist_db"."dev_stg"."stg__orders"
)

select
    order_id,
    customer_id,
    order_purchase_ts,
    order_approved_at,
    order_delivered_carrier_dt,
    order_delivered_customer_dt,
    order_estimated_delivery_dt,
    order_status,
    case
        when
            date_trunc('day', order_delivered_customer_dt)
            > order_estimated_delivery_dt
            then 1
        else 0
    end as is_late,
    case when order_status = 'DELIVERED' then 1 else 0 end as is_delivered,
    case
        when
            date_trunc('day', order_delivered_customer_dt) > order_estimated_delivery_dt
            then
                round(
                    extract(
                        epoch from (
                            date_trunc('day', order_delivered_customer_dt)
                            - order_estimated_delivery_dt
                        )
                    )
                    / 86400.0,
                    2
                )
        else 0
    end as days_late,
    round(extract(epoch from (order_approved_at - order_purchase_ts)) / 86400.0, 2)
        as approval_lead_time,
    round(
        extract(epoch from (order_delivered_customer_dt - order_delivered_carrier_dt))
        / 86400.0,
        2
    ) as delivery_lead_time,
    round(
        extract(epoch from (order_delivered_customer_dt - order_purchase_ts)) / 86400.0,
        2
    ) as order_lead_time
from source
), source as (
    select * from __dbt__cte__int__orders_enriched
),

final as (
    select
        order_id,
        customer_id,
        order_status,
        order_purchase_ts,
        order_approved_at,
        order_delivered_carrier_dt,
        order_delivered_customer_dt,
        order_estimated_delivery_dt,
        is_late,
        is_delivered,
        days_late,
        approval_lead_time,
        delivery_lead_time,
        order_lead_time
    from source
)

select * from final
  );
  
[0m11:01:11.164376 [debug] [Thread-3 (]: Opening a new connection, currently in state closed
[0m11:01:11.227135 [debug] [Thread-4 (]: SQL status: SELECT 1 in 0.106 seconds
[0m11:01:11.229145 [debug] [Thread-4 (]: On test.olist_analytics.unique_dim_customers_customer_id.15c9f1e2fd: ROLLBACK
[0m11:01:11.230144 [debug] [Thread-4 (]: On test.olist_analytics.unique_dim_customers_customer_id.15c9f1e2fd: Close
[0m11:01:11.231568 [info ] [Thread-4 (]: 40 of 43 PASS unique_dim_customers_customer_id ................................. [[32mPASS[0m in 0.14s]
[0m11:01:11.233418 [debug] [Thread-4 (]: Finished running node test.olist_analytics.unique_dim_customers_customer_id.15c9f1e2fd
[0m11:01:11.432395 [debug] [Thread-2 (]: SQL status: SELECT 112650 in 1.097 seconds
[0m11:01:11.434919 [debug] [Thread-2 (]: Using postgres connection "model.olist_analytics.fct_order_items"
[0m11:01:11.435918 [debug] [Thread-2 (]: On model.olist_analytics.fct_order_items: /* {"app": "dbt", "dbt_version": "1.12.3", "profile_name": "default", "target_name": "dev", "node_id": "model.olist_analytics.fct_order_items"} */
alter table "olist_db"."dev_marts"."fct_order_items__dbt_tmp" rename to "fct_order_items"
[0m11:01:11.436952 [debug] [Thread-2 (]: SQL status: ALTER TABLE in 0.001 seconds
[0m11:01:11.438957 [debug] [Thread-2 (]: On model.olist_analytics.fct_order_items: COMMIT
[0m11:01:11.438957 [debug] [Thread-2 (]: Using postgres connection "model.olist_analytics.fct_order_items"
[0m11:01:11.438957 [debug] [Thread-2 (]: On model.olist_analytics.fct_order_items: COMMIT
[0m11:01:11.462253 [debug] [Thread-2 (]: SQL status: COMMIT in 0.022 seconds
[0m11:01:11.463349 [debug] [Thread-2 (]: Applying DROP to: "olist_db"."dev_marts"."fct_order_items__dbt_backup"
[0m11:01:11.464336 [debug] [Thread-2 (]: Using postgres connection "model.olist_analytics.fct_order_items"
[0m11:01:11.465251 [debug] [Thread-2 (]: On model.olist_analytics.fct_order_items: /* {"app": "dbt", "dbt_version": "1.12.3", "profile_name": "default", "target_name": "dev", "node_id": "model.olist_analytics.fct_order_items"} */
drop table if exists "olist_db"."dev_marts"."fct_order_items__dbt_backup" cascade
[0m11:01:11.466253 [debug] [Thread-2 (]: SQL status: DROP TABLE in 0.001 seconds
[0m11:01:11.467255 [debug] [Thread-2 (]: On model.olist_analytics.fct_order_items: Close
[0m11:01:11.468250 [debug] [Thread-2 (]: Sending event: {'category': 'dbt', 'action': 'run_model', 'label': '2d82dcdb-2127-4e69-88d5-11676ec4b2aa', 'context': [<snowplow_tracker.self_describing_json.SelfDescribingJson object at 0x000002260E2C11C0>]}
[0m11:01:11.469253 [info ] [Thread-2 (]: 30 of 43 OK created sql table model dev_marts.fct_order_items .................. [[32mSELECT 112650[0m in 1.15s]
[0m11:01:11.470252 [debug] [Thread-2 (]: Finished running node model.olist_analytics.fct_order_items
[0m11:01:11.665958 [debug] [Thread-3 (]: SQL status: SELECT 99441 in 0.502 seconds
[0m11:01:11.668957 [debug] [Thread-3 (]: Using postgres connection "model.olist_analytics.fct_orders"
[0m11:01:11.668957 [debug] [Thread-3 (]: On model.olist_analytics.fct_orders: /* {"app": "dbt", "dbt_version": "1.12.3", "profile_name": "default", "target_name": "dev", "node_id": "model.olist_analytics.fct_orders"} */
alter table "olist_db"."dev_marts"."fct_orders__dbt_tmp" rename to "fct_orders"
[0m11:01:11.670464 [debug] [Thread-3 (]: SQL status: ALTER TABLE in 0.001 seconds
[0m11:01:11.672167 [debug] [Thread-3 (]: On model.olist_analytics.fct_orders: COMMIT
[0m11:01:11.672167 [debug] [Thread-3 (]: Using postgres connection "model.olist_analytics.fct_orders"
[0m11:01:11.672167 [debug] [Thread-3 (]: On model.olist_analytics.fct_orders: COMMIT
[0m11:01:11.697934 [debug] [Thread-3 (]: SQL status: COMMIT in 0.025 seconds
[0m11:01:11.698934 [debug] [Thread-3 (]: Applying DROP to: "olist_db"."dev_marts"."fct_orders__dbt_backup"
[0m11:01:11.700439 [debug] [Thread-3 (]: Using postgres connection "model.olist_analytics.fct_orders"
[0m11:01:11.700439 [debug] [Thread-3 (]: On model.olist_analytics.fct_orders: /* {"app": "dbt", "dbt_version": "1.12.3", "profile_name": "default", "target_name": "dev", "node_id": "model.olist_analytics.fct_orders"} */
drop table if exists "olist_db"."dev_marts"."fct_orders__dbt_backup" cascade
[0m11:01:11.701971 [debug] [Thread-3 (]: SQL status: DROP TABLE in 0.001 seconds
[0m11:01:11.702755 [debug] [Thread-3 (]: On model.olist_analytics.fct_orders: Close
[0m11:01:11.703842 [debug] [Thread-3 (]: Sending event: {'category': 'dbt', 'action': 'run_model', 'label': '2d82dcdb-2127-4e69-88d5-11676ec4b2aa', 'context': [<snowplow_tracker.self_describing_json.SelfDescribingJson object at 0x000002260E384680>]}
[0m11:01:11.704763 [info ] [Thread-3 (]: 41 of 43 OK created sql table model dev_marts.fct_orders ....................... [[32mSELECT 99441[0m in 0.56s]
[0m11:01:11.704763 [debug] [Thread-3 (]: Finished running node model.olist_analytics.fct_orders
[0m11:01:11.705765 [debug] [Thread-1 (]: Began running node test.olist_analytics.not_null_fct_orders_order_id.4e687af8d0
[0m11:01:11.706765 [debug] [Thread-4 (]: Began running node test.olist_analytics.unique_fct_orders_order_id.523ddb6ce5
[0m11:01:11.706765 [info ] [Thread-1 (]: 42 of 43 START test not_null_fct_orders_order_id ............................... [RUN]
[0m11:01:11.707823 [debug] [Thread-1 (]: Re-using an available connection from the pool (formerly test.olist_analytics.unique_int__orders_enriched_order_id.b7e86800e0, now test.olist_analytics.not_null_fct_orders_order_id.4e687af8d0)
[0m11:01:11.707823 [info ] [Thread-4 (]: 43 of 43 START test unique_fct_orders_order_id ................................. [RUN]
[0m11:01:11.708800 [debug] [Thread-1 (]: Began compiling node test.olist_analytics.not_null_fct_orders_order_id.4e687af8d0
[0m11:01:11.708800 [debug] [Thread-4 (]: Re-using an available connection from the pool (formerly test.olist_analytics.unique_dim_customers_customer_id.15c9f1e2fd, now test.olist_analytics.unique_fct_orders_order_id.523ddb6ce5)
[0m11:01:11.715493 [debug] [Thread-1 (]: Writing injected SQL for node "test.olist_analytics.not_null_fct_orders_order_id.4e687af8d0"
[0m11:01:11.715493 [debug] [Thread-4 (]: Began compiling node test.olist_analytics.unique_fct_orders_order_id.523ddb6ce5
[0m11:01:11.722759 [debug] [Thread-4 (]: Writing injected SQL for node "test.olist_analytics.unique_fct_orders_order_id.523ddb6ce5"
[0m11:01:11.724769 [debug] [Thread-1 (]: Began executing node test.olist_analytics.not_null_fct_orders_order_id.4e687af8d0
[0m11:01:11.727881 [debug] [Thread-1 (]: Writing runtime sql for node "test.olist_analytics.not_null_fct_orders_order_id.4e687af8d0"
[0m11:01:11.728865 [debug] [Thread-4 (]: Began executing node test.olist_analytics.unique_fct_orders_order_id.523ddb6ce5
[0m11:01:11.731587 [debug] [Thread-4 (]: Writing runtime sql for node "test.olist_analytics.unique_fct_orders_order_id.523ddb6ce5"
[0m11:01:11.732595 [debug] [Thread-1 (]: Using postgres connection "test.olist_analytics.not_null_fct_orders_order_id.4e687af8d0"
[0m11:01:11.732595 [debug] [Thread-1 (]: On test.olist_analytics.not_null_fct_orders_order_id.4e687af8d0: /* {"app": "dbt", "dbt_version": "1.12.3", "profile_name": "default", "target_name": "dev", "node_id": "test.olist_analytics.not_null_fct_orders_order_id.4e687af8d0"} */

    
    select
      count(*) as failures,
      count(*) != 0 as should_warn,
      count(*) != 0 as should_error
    from (
      
    
    
    
    



select order_id
from "olist_db"."dev_marts"."fct_orders"
where order_id is null



    
  
    
    ) dbt_internal_test
[0m11:01:11.733631 [debug] [Thread-1 (]: Opening a new connection, currently in state closed
[0m11:01:11.734599 [debug] [Thread-4 (]: Using postgres connection "test.olist_analytics.unique_fct_orders_order_id.523ddb6ce5"
[0m11:01:11.734599 [debug] [Thread-4 (]: On test.olist_analytics.unique_fct_orders_order_id.523ddb6ce5: /* {"app": "dbt", "dbt_version": "1.12.3", "profile_name": "default", "target_name": "dev", "node_id": "test.olist_analytics.unique_fct_orders_order_id.523ddb6ce5"} */

    
    select
      count(*) as failures,
      count(*) != 0 as should_warn,
      count(*) != 0 as should_error
    from (
      
    
    
    
    

select
    order_id as unique_field,
    count(*) as n_records

from "olist_db"."dev_marts"."fct_orders"
where order_id is not null
group by order_id
having count(*) > 1



    
  
    
    ) dbt_internal_test
[0m11:01:11.735598 [debug] [Thread-4 (]: Opening a new connection, currently in state closed
[0m11:01:11.772455 [debug] [Thread-1 (]: SQL status: SELECT 1 in 0.039 seconds
[0m11:01:11.773495 [debug] [Thread-1 (]: On test.olist_analytics.not_null_fct_orders_order_id.4e687af8d0: ROLLBACK
[0m11:01:11.775497 [debug] [Thread-1 (]: On test.olist_analytics.not_null_fct_orders_order_id.4e687af8d0: Close
[0m11:01:11.776495 [info ] [Thread-1 (]: 42 of 43 PASS not_null_fct_orders_order_id ..................................... [[32mPASS[0m in 0.07s]
[0m11:01:11.778498 [debug] [Thread-1 (]: Finished running node test.olist_analytics.not_null_fct_orders_order_id.4e687af8d0
[0m11:01:11.830590 [debug] [Thread-4 (]: SQL status: SELECT 1 in 0.094 seconds
[0m11:01:11.832744 [debug] [Thread-4 (]: On test.olist_analytics.unique_fct_orders_order_id.523ddb6ce5: ROLLBACK
[0m11:01:11.834757 [debug] [Thread-4 (]: On test.olist_analytics.unique_fct_orders_order_id.523ddb6ce5: Close
[0m11:01:11.835756 [info ] [Thread-4 (]: 43 of 43 PASS unique_fct_orders_order_id ....................................... [[32mPASS[0m in 0.13s]
[0m11:01:11.836756 [debug] [Thread-4 (]: Finished running node test.olist_analytics.unique_fct_orders_order_id.523ddb6ce5
[0m11:01:11.838753 [debug] [MainThread]: On master: COMMIT
[0m11:01:11.838753 [debug] [MainThread]: Using postgres connection "master"
[0m11:01:11.840263 [debug] [MainThread]: On master: COMMIT
[0m11:01:11.840263 [debug] [MainThread]: Opening a new connection, currently in state closed
[0m11:01:11.868525 [debug] [MainThread]: SQL status: COMMIT in 0.029 seconds
[0m11:01:11.870034 [debug] [MainThread]: On master: Close
[0m11:01:11.870034 [debug] [MainThread]: Connection 'master' was properly closed.
[0m11:01:11.871569 [debug] [MainThread]: Connection 'create_olist_db_dev_marts' was properly closed.
[0m11:01:11.871569 [debug] [MainThread]: Connection 'list_olist_db' was properly closed.
[0m11:01:11.872580 [debug] [MainThread]: Connection 'list_olist_db_dev_stg' was properly closed.
[0m11:01:11.873192 [debug] [MainThread]: Connection 'list_olist_db_dev_marts' was properly closed.
[0m11:01:11.873591 [debug] [MainThread]: Connection 'test.olist_analytics.not_null_fct_orders_order_id.4e687af8d0' was properly closed.
[0m11:01:11.873591 [debug] [MainThread]: Connection 'model.olist_analytics.fct_order_items' was properly closed.
[0m11:01:11.874592 [debug] [MainThread]: Connection 'model.olist_analytics.fct_orders' was properly closed.
[0m11:01:11.874592 [debug] [MainThread]: Connection 'test.olist_analytics.unique_fct_orders_order_id.523ddb6ce5' was properly closed.
[0m11:01:11.875591 [info ] [MainThread]: 
[0m11:01:11.875591 [info ] [MainThread]: Finished running 7 table models, 28 data tests, 8 view models in 0 hours 0 minutes and 3.78 seconds (3.78s).
[0m11:01:11.883323 [debug] [MainThread]: Command end result
[0m11:01:11.931505 [debug] [MainThread]: Wrote artifact WritableManifest to C:\analytics_platform\astro\dbt\target\manifest.json
[0m11:01:11.935510 [debug] [MainThread]: Wrote artifact SemanticManifest to C:\analytics_platform\astro\dbt\target\semantic_manifest.json
[0m11:01:11.939512 [debug] [MainThread]: Wrote artifact OsiDocument to C:\analytics_platform\astro\dbt\target\osi_document.json
[0m11:01:11.950134 [debug] [MainThread]: Wrote artifact RunExecutionResult to C:\analytics_platform\astro\dbt\target\run_results.json
[0m11:01:11.951143 [info ] [MainThread]: 
[0m11:01:11.951648 [info ] [MainThread]: [33mCompleted with 1 warning:[0m
[0m11:01:11.951648 [info ] [MainThread]: 
[0m11:01:11.952658 [warn ] [MainThread]: [[33mWARNING[0m]: in test unique_stg__geolocations_zip_code_prefix (models\stg\_schema.yml)
[0m11:01:11.953655 [warn ] [MainThread]: [[33mWARNING[0m]: Got 17972 results, configured to warn if != 0
[0m11:01:11.953655 [info ] [MainThread]: 
[0m11:01:11.954657 [info ] [MainThread]:   compiled code at target\compiled\olist_analytics\models\stg\_schema.yml\unique_stg__geolocations_zip_code_prefix.sql
[0m11:01:11.954657 [info ] [MainThread]: 
[0m11:01:11.955656 [info ] [MainThread]: Done. PASS=42 WARN=1 ERROR=0 SKIP=0 NO-OP=0 REUSED=0 TOTAL=43
[0m11:01:11.956656 [debug] [MainThread]: Command `dbt build` succeeded at 11:01:11.956656 after 5.72 seconds
[0m11:01:11.957656 [debug] [MainThread]: Sending event: {'category': 'dbt', 'action': 'invocation', 'label': 'end', 'context': [<snowplow_tracker.self_describing_json.SelfDescribingJson object at 0x0000022606FC32F0>, <snowplow_tracker.self_describing_json.SelfDescribingJson object at 0x000002260D8AB200>, <snowplow_tracker.self_describing_json.SelfDescribingJson object at 0x000002260DDF6D20>]}
[0m11:01:11.957656 [debug] [MainThread]: Flushing usage events
[0m11:01:12.718507 [debug] [MainThread]: An error was encountered while trying to flush usage events
